symbol,name,sector,sub_industry,price,market_cap,price_to_earnings,price_to_sales,price_to_book,dividend_yield,eps,ebitda,revenue,book_equity,net_income,shares_outstanding,ebitda_margin,net_margin,roe,payout_ratio,retention_ratio,earnings_yield,sustainable_growth,range_position,in_base,in_margin,in_returns,in_core,fail_reasons,priced_in_growth,growth_gap,in_screen
MMM,3M,Industrials,Industrial Conglomerates,168.75,87028162560.0,30.187834,3.4562416,29.481133,0.0183,5.59,6488000000.0,25179999731.50025,2951995181.460631,2882888466.432,515722444.8,0.257664816091459,0.11449120322370371,0.9765898739207325,0.5524373622,0.44756263780000005,0.03312592748456216,0.4370851400207325,0.6455223880597014,True,True,True,True,,0.07509333263194702,0.3619918073887855,False
AOS,A. O. Smith,Industrials,Building Products,59.26,8053941760.0,16.506964,2.1167288,4.372786,0.0246,3.59,783699968.0,3804900164.8203583,1841833046.4834092,487911760.3509956,135908568.34289572,0.20597123026932326,0.12823247370907864,0.26490552714599724,0.4060713144,0.5939286856,0.060580491966905604,0.15733499154599725,0.18404907975460122,True,True,True,True,,0.06273877861489248,0.09459621293110478,True
ABT,Abbott Laboratories,Health Care,Health Care Equipment,110.47,191155453952.0,35.181526,4.103369,3.7400548,0.0231,3.14,11681000448.0,46585002214.521774,51110335054.98369,5433403869.007695,1730383397.7731512,0.2507459459636716,0.11663418720014486,0.10630735005639039,0.8126932506,0.18730674940000003,0.02842400866864047,0.019912084176390392,0.5133285302593659,True,True,True,True,,0.07720919609911178,-0.05729711192272139,True
ACN,Accenture,Information Technology,IT Consulting & Other Services,187.68,114849284096.0,15.0144,1.571113,3.6008518,0.0347,12.5,12943767552.0,73100587988.26056,31895032196.548607,7649275635.123615,611942050.8098892,0.17706789929075095,0.10464041187127024,0.23982655317561807,0.5209996800000001,0.4790003199999999,0.06660272804774084,0.11487699571561806,0.40204695270035856,True,True,True,True,,0.060028772378516615,0.054848223337101445,True
ADBE,Adobe Inc.,Information Technology,Application Software,279.79,111216525312.0,16.361988,4.4137044,9.692383,0.0,17.1,9729000448.0,25198000417.06463,11474631709.456799,6797250019.068587,397500001.115122,0.3861020829816048,0.2697535481611209,0.5923719660471576,0.0,1.0,0.061117267657206445,0.5923719660471576,0.4961270333075136,True,True,True,True,,0.0624972295542571,0.5298747364929005,False
AMD,Advanced Micro Devices,Information Technology,Semiconductors,457.06,746139025408.0,117.49614,18.064133,11.096112,0.0,3.89,9562000384.0,41305000655.60854,67243285342.469505,6350327766.2388315,1632475004.1745067,0.23149740303179578,0.15374234754736799,0.0944380981366707,0.0,1.0,0.008510917890579214,0.0944380981366707,0.7068494408853988,True,True,True,True,,0.08617008694923935,0.008268011187431354,False
AES,AES Corporation,Utilities,Independent Power Producers & Energy Traders,14.8,10558892032.0,5.5430713,0.80886257,2.1356423,0.0477,2.67,4070000128.0,13054000053.433058,4944129469.621387,1904881197.6648648,713438650.8108108,0.3117818378535731,0.1459231798581081,0.3852814052743648,0.26440450101,0.73559549899,0.18040540088308082,0.28341126756436474,0.4642857142857145,True,True,True,True,,0.008817569602613623,0.27459369796175115,True
AFL,Aflac,Financials,Life & Health Insurance,117.24,58777485312.0,12.647248,3.2529461,1.9426033,0.021,9.27,6064999936.0,18069000685.87057,30257070659.768776,4647452139.561924,501343272.8761515,0.3356577400953143,0.257205820087001,0.1535988936091077,0.265592208,0.7344077920000001,0.07906858472293736,0.1128042243091077,0.4921752738654146,True,True,True,True,,0.054419136874678184,0.05838508743442952,True
A,Agilent Technologies,Health Care,Life Sciences Tools & Services,151.39,42686803968.0,29.56836,5.790396,5.7974954,0.0068,5.12,2099000064.0,7372000804.090082,7362973322.583404,1443664946.9328227,281965809.9478169,0.28472596785874565,0.19583081788757517,0.19607091499156531,0.201064848,0.798935152,0.033819934551662656,0.1566479462715653,0.7768953068592056,True,True,True,True,,0.0747810294517518,0.0818669168198135,True
ABNB,Airbnb,Consumer Discretionary,"Hotels, Resorts & Cruise Lines",183.26,109733453824.0,41.84018,8.339042,13.863379,0.0,4.38,2760999936.0,13159000017.508007,7915346887.941244,2622681041.9574375,598785626.0176798,0.20981837011372434,0.19930701713412638,0.3313412848606292,0.0,1.0,0.023900470791473654,0.3313412848606292,0.8766622702467237,True,True,True,True,,0.07924478814383686,0.25209649671679235,True
AKAM,Akamai Technologies,Information Technology,Internet Services & Infrastructure,105.09,15103177728.0,38.63603,3.493814,3.1778045,0.0,2.72,1079897984.0,4322833936.780836,4752708270.128008,390909158.05652297,143716602.22666284,0.24981250721007048,0.09042890931582452,0.08224976789799573,0.0,1.0,0.025882576444836596,0.08224976789799573,0.3621473105780409,True,True,True,True,,0.07835284059982353,0.0038969272981722036,True
ALGN,Align Technology,Health Care,Health Care Supplies,159.15,11305992192.0,26.883444,2.7312248,2.678977,0.0,5.92,910062016.0,4139531902.317231,4220264747.327058,420555914.399246,71039850.40527804,0.21984660040681522,0.1015950412566761,0.09965155506117446,0.0,1.0,0.037197615007958054,0.09965155506117446,0.47361040285568595,True,True,True,True,,0.07326107324641887,0.02639048181475559,True
ALLE,Allegion,Industrials,Building Products,155.07,13186654208.0,20.350395,3.0748873,6.225961,0.014,7.62,1049299968.0,4288500007.138473,2118011052.109064,647980299.6386149,85036784.72947702,0.24467761834053292,0.15109718982395048,0.30593809112796094,0.28490553,0.7150944699999999,0.04913909533451317,0.2187746371279609,0.5174668731715709,True,True,True,True,,0.06788740709946907,0.15088723002849186,True
LNT,Alliant Energy,Utilities,Electric Utilities,67.74,17563944960.0,21.436708,3.9656682,2.3328052,0.0315,3.16,1828999936.0,4429000126.636918,7529109142.932294,819339623.1709479,259284690.87688223,0.4129600098676941,0.18499426501328614,0.10882292187774355,0.675256302,0.324743698,0.046648953747935554,0.03533955807774355,0.28718609143593005,True,True,True,True,,0.06900797081342899,-0.033668412735685445,True
ALL,Allstate,Financials,Property & Casualty Insurance,259.34,65576181760.0,5.16305,0.93497264,2.0781946,0.0168,50.23,17116000256.0,70137006105.33374,31554399073.118565,12701055023.539755,252857953.88293362,0.24403665349351678,0.1810892099452456,0.4025129719836143,0.08673924,0.91326076,0.1936839658728852,0.3675993027036143,0.7994166479694856,True,True,True,True,,0.0028422153572016523,0.36475708734641266,False
GOOGL,Alphabet Inc. (Class A),Communication Services,Interactive Media & Services,337.12,4122955743232.0,16.805584,9.247074,6.623703,0.0026,20.06,173164003328.0,445865983470.2307,622454802582.7849,245332499434.13,12229935166.207878,0.3883767987417271,0.5502382072852395,0.39413703207219697,0.0436945184,0.9563054816,0.05950403151714335,0.37691540427219694,0.6110869328691111,True,True,True,True,,0.06322318581728549,0.31369221845491146,True
AMZN,Amazon,Consumer Discretionary,Broadline Retail,254.98,2750293999616.0,20.496784,3.5456553,4.9843616,0.0,12.44,168911994880.0,775680027219.7921,551784605598.4381,134181729371.80579,10786312650.466703,0.217759886747913,0.172985928041415,0.24317773949318094,0.0,1.0,0.04878814159333483,0.24317773949318094,0.6467105263157894,True,True,True,True,,0.06804533628299932,0.17513240321018164,True
AMTM,Amentum,Industrials,Diversified Support Services,19.9,4865677824.0,23.975904,0.34435087,1.0355415,0.0,0.83,1006000000.0,14130000089.734056,4698679699.461587,202940331.3527638,244506423.31658292,0.0711960363489944,0.014362372969849244,0.04319092618989465,0.0,1.0,0.041708542042877716,0.04319092618989465,0.0054614964500271914,True,True,True,True,,0.07123115608070502,-0.028040229890810363,True
AEE,Ameren,Utilities,Multi-Utilities,105.89,29314932736.0,18.642607,3.485309,2.141485,0.0283,5.68,3910000128.0,8410999637.6218,13689067509.695375,1572469713.2919066,276843259.3823779,0.46486747074757306,0.18695396279157617,0.1148704684918799,0.5275857781000001,0.47241422189999993,0.05364056647227504,0.0542664429918799,0.42850574712643713,True,True,True,True,,0.06586174508747622,-0.011595302095596317,True
AEP,American Electric Power,Utilities,Electric Utilities,123.57,67271184384.0,21.415945,2.9516556,2.0969303,0.0309,5.77,9029000192.0,22791000543.55935,32080791805.049507,3141172889.0157804,544397381.1119204,0.3961651518871804,0.13782514212187424,0.09791444178624852,0.6617527005,0.3382472995,0.046694180434251206,0.033119295516248516,0.5123279816513757,True,True,True,True,,0.06898761880458695,-0.03586832328833844,True
AIG,American International Group,Financials,Multi-line Insurance,76.13,39807856640.0,13.892335,1.4887564,0.9837696,0.0264,5.48,8145999872.0,26738999503.209526,40464613502.99908,2865454543.375805,522893164.8495994,0.3046486414356013,0.10716386538815185,0.07081384086980338,0.366757644,0.633242356,0.07198213979147494,0.044842323429803384,0.30423940149625894,True,True,True,True,,0.05760803709383627,-0.01276571366403289,True
AMT,American Tower,Real Estate,Telecom Tower REITs,172.92,80573816832.0,24.218487,7.3640556,21.66103,0.0397,7.14,7044400128.0,10941500337.395605,3719759255.7694626,3326954962.8757806,465960078.834143,0.643823964792453,0.3040675282442748,0.8944006287428278,0.9614739339,0.03852606609999998,0.04129077097177871,0.034457737742827725,0.3008890968647633,True,True,True,True,,0.07141915306269958,-0.036961415319871856,False
AWK,American Water Works,Utilities,Water Utilities,139.49,27720708096.0,24.175045,5.24616,2.3764012,0.0261,5.77,2912999936.0,5283999743.812617,11664994991.586437,1146666325.284393,198728999.1827371,0.5512869184770539,0.21700726360312567,0.09829976324759686,0.6309686745,0.36903132549999995,0.041364969537802304,0.036275691927596845,0.7546868767451145,True,True,True,True,,0.07138576370798896,-0.03511007178039212,True
AME,Ametek,Industrials,Electrical Components & Equipment,233.19,53461430272.0,34.042336,6.7983155,4.7475467,0.0059,6.85,2500681984.0,7863923095.655092,11260854005.290775,1570439544.4195719,229261247.36052147,0.3179942064008301,0.1997017932801578,0.13946007406777255,0.20084978239999998,0.7991502176,0.0293751874136957,0.11144954853777256,0.6585693359374998,True,True,True,True,,0.07678116566383693,0.03466838287393563,True
AMGN,Amgen,Health Care,Biotechnology,442.84,239413477376.0,27.251692,6.284643,20.482885,0.023,16.25,17268000768.0,38095000364.5394,11688464656.028679,8785270091.590643,540632005.6363473,0.45328784887147183,0.23061477903983385,0.7516188352635133,0.626788916,0.373211084,0.03669496925181747,0.2805124802635132,0.9763624055060364,True,True,True,True,,0.07348726383668214,0.20702521642683108,False
APH,Amphenol,Information Technology,Electronic Components,160.08,197375983616.0,40.02,6.803347,12.73711,0.0061,4.0,9463700480.0,29011600263.22338,15496135592.453861,4931933623.588205,1232983405.8970513,0.3262040147436017,0.1699986756621689,0.31826861569215387,0.24412200000000003,0.7558779999999999,0.02498750624687656,0.24057224469215385,0.9792744626446709,True,True,True,True,,0.07875562218890554,0.1618166225032483,True
ADI,Analog Devices,Information Technology,Semiconductors,355.71,172364775424.0,41.996456,12.416651,5.1374226,0.0124,8.47,6922700800.0,13881744395.006351,33550826716.88329,4104269342.557927,484565447.7636277,0.4986909860183197,0.2956594809535858,0.12232990802842982,0.5207560544000001,0.47924394559999994,0.023811533049360165,0.05862586778842981,0.5944973925552957,True,True,True,True,,0.07928481012778792,-0.020658942339358104,True
AON,Aon,Financials,Insurance Brokers,330.88,70188064768.0,17.982609,3.9931765,7.308389,0.0101,18.4,5900000256.0,17577000357.484825,9603766954.386253,3903108050.444874,212125437.52417794,0.3356659348014179,0.22205768737911022,0.4064142750365089,0.18162435089999998,0.8183756491,0.05560928339152567,0.33259954613650894,0.3381350482315115,True,True,True,True,,0.06497582247381345,0.2676237236626955,False
APA,APA Corporation,Energy,Oil & Gas Exploration & Production,44.695,15658960896.0,9.429325,1.826757,2.2322946,0.0226,4.74,5720000000.0,8571999940.878837,7014737613.933215,1660666174.0024612,350351513.5026289,0.66728885201247,0.19373147287168588,0.2367395969488802,0.21310274499999998,0.786897255,0.10605212992446436,0.18628973898888018,0.959941884599419,True,True,True,True,,0.04227654153399103,0.14401319745488916,True
AAPL,Apple Inc.,Information Technology,"Technology Hardware, Storage & Peripherals",324.96,4742524698624.0,37.308838,10.15915,44.152172,0.0033,8.71,167959003136.0,466822982102.2428,107413168679.99155,127115306883.97047,14594179894.830133,0.35979163317887786,0.2722987336903004,1.1834239383172427,0.12311916540000001,0.8768808346,0.026803300601321328,1.0377217707172426,0.8346821783847579,True,True,True,True,,0.0779385147294054,0.9597832559878372,False
AMAT,Applied Materials,Information Technology,Semiconductor Materials & Equipment,438.46,347960737792.0,38.16014,11.283872,13.578396,0.0048,11.49,10154999808.0,30836997955.31179,25626056110.898518,9118434696.962278,793597449.6921042,0.32931220551093765,0.29569787273639564,0.3558266819775818,0.18316867199999998,0.816831328,0.0262053545925146,0.29065038117758185,0.485287081339713,True,True,True,True,,0.07820759043336843,0.2124427907442134,True
APTV,Aptiv,Consumer Discretionary,Automotive Parts & Equipment,45.03,9349728256.0,20.375565,0.45568419,1.0719386,0.0,2.21,3232999936.0,20518000100.025414,8722261010.0989,458869630.15234286,207633316.81101486,0.15756895994926892,0.022364247388407726,0.052609024584103554,0.0,1.0,0.04907839365436001,0.052609024584103554,0.011483900022517405,True,True,True,True,,0.06791472285553798,-0.01530569827143443,True
ACGL,Arch Capital Group,Financials,Property & Casualty Insurance,98.21,33512112128.0,7.714847,1.7425183,1.4375421,0.0,12.73,5565000192.0,19232000104.67609,23312090914.06784,4343846730.367988,341229122.574076,0.2893614892736466,0.22586557335301904,0.18633449244035558,0.0,1.0,0.12962019855999737,0.18633449244035558,0.6396103896103892,True,True,True,True,,0.03167091064800118,0.1546635817923544,True
ADM,Archer Daniels Midland,Consumer Staples,Agricultural Products & Services,85.38,41149706240.0,23.075674,0.5012205,1.7457622,0.0246,3.7,2995000064.0,82099008799.52037,23571197864.17646,1783250328.9763412,481959548.3719841,0.03648034376777393,0.021720729093464515,0.07565379022081868,0.5676615804,0.43233841959999997,0.04333567894918259,0.03270804010081868,0.9063260340632604,True,True,True,True,,0.07049894447286784,-0.037790904372049156,True
ANET,Arista Networks,Information Technology,Communications Equipment,186.1,234713923584.0,58.892406,22.267183,15.861247,0.0,3.16,4639600128.0,10540800045.69954,14797948962.272638,3985470169.400538,1261224737.1520689,0.4401563551044567,0.37809939967759276,0.2693258448296373,0.0,1.0,0.016980117945936866,0.2693258448296373,0.7131613031782406,True,True,True,True,,0.08235894692432841,0.18696689790530888,True
AJG,Arthur J. Gallagher & Co.,Financials,Insurance Brokers,264.46,67791937536.0,43.496708,4.486858,2.8579147,0.0107,6.08,4288000000.0,15109000003.120224,23720770090.163994,1558553203.5804281,256340987.43099147,0.283804354961577,0.1031539614308402,0.06570416087580697,0.46541477559999994,0.5345852244,0.022990245606633035,0.03512447358580697,0.6002442996742668,True,True,True,True,,0.07965438947701513,-0.04452991589120816,True
AIZ,Assurant,Financials,Multi-line Insurance,284.07,14011403264.0,13.443919,1.04126,2.30046,0.0125,21.13,1737100032.0,13456200434.089468,6090696323.344027,1042211254.1567923,49323769.7187313,0.1290929070586145,0.07745212025205055,0.17111528267910572,0.1680489875,0.8319510125,0.07438307237644023,0.14235953267910573,0.7991509147882341,True,True,True,True,,0.05652761743060189,0.08583191524850384,True
T,AT&T,Communication Services,Integrated Telecommunication Services,25.95,177819418624.0,8.592715,1.3975229,1.6162183,0.0427,3.02,44939001856.0,127239001682.19067,110021906461.52193,20694205943.9106,6852386074.142582,0.3531857469948226,0.1626404299807322,0.18809169162482406,0.3669089305,0.6330910695,0.11637765246490778,0.11907917021482406,0.6121212121212121,True,True,True,True,,0.0376300563907915,0.08144911382403255,True
ATO,Atmos Energy,Utilities,Gas Utilities,167.68,28336001024.0,19.985695,5.757564,1.8570858,0.0239,8.39,2624299008.0,4921526017.600499,15258315487.631212,1417813982.534351,168988555.72519082,0.5332287178031587,0.28808421970419845,0.09292075156755869,0.4776581105,0.5223418895,0.050035788097436695,0.0485364009475587,0.23387843258253666,True,True,True,True,,0.06748389535615348,-0.018947494408594785,True
ADSK,Autodesk,Information Technology,Application Software,241.73,50521567232.0,32.05968,6.4854383,14.933588,0.0,7.54,2286000128.0,7790000443.300802,3383082969.2100787,1575859913.661027,208999988.5492078,0.29345314478972856,0.20229266033177515,0.46580589700209113,0.0,1.0,0.03119182724219331,0.46580589700209113,0.3916010864266314,True,True,True,True,,0.07596367774101301,0.3898422192610781,False
ADP,Automatic Data Processing,Industrials,Human Resource & Employment Services,281.16,111694397440.0,25.700184,5.0891857,18.54495,0.024,10.94,6411200000.0,21947400630.32088,6022900975.1981,4346054588.112106,397262759.42523825,0.2921165976777572,0.19802138127045094,0.7215882189792883,0.616804416,0.383195584,0.03891022725751691,0.2765094189792882,0.8120852252881594,True,True,True,True,,0.07249039773411739,0.20401902124517082,False
AVB,AvalonBay Communities,Real Estate,Multi-Family Residential REITs,184.06,26283393024.0,25.248285,8.52383,2.1691887,0.000387,7.29,1857816064.0,3083519148.551766,12116692763.520298,1040997148.4568076,142797962.75127676,0.6024986304601219,0.3376003515158101,0.08591429873355755,0.009771086294999998,0.990228913705,0.03960665051111392,0.08507482270665755,0.9878409897010376,True,True,True,True,,0.07217700726999873,0.012897815436658813,True
AVY,Avery Dennison,Materials,Paper & Plastic Packaging Products & Materials,174.42,13218967552.0,18.93811,1.4293711,5.6996274,0.0231,9.21,1496499968.0,9248100477.19588,2319268721.3202744,698008778.5455798,75788140.9930054,0.16181701006494192,0.07547590775713796,0.3009607294497708,0.43747034100000004,0.562529659,0.052803579660272326,0.16929933650977083,0.46689303904923596,True,True,True,True,,0.06623838915287744,0.10306094735689339,True
AXON,Axon Enterprise,Industrials,Aerospace & Defense,506.98,41185746944.0,217.588,12.794185,11.208188,0.0,2.33,165106000.0,3219098906.573572,3674612430.126975,189283187.4620695,81237419.51161781,0.05128950827290355,0.05880005335516194,0.051511057595087964,0.0,1.0,0.004595841682445723,0.051511057595087964,0.3706719629261835,True,True,True,True,,0.08793187124289942,-0.036420813647811454,False
BKR,Baker Hughes,Energy,Oil & Gas Equipment & Services,64.63,64156520448.0,20.781351,2.3140314,3.221513,0.0145,3.11,4839000064.0,27724999949.438885,19915027643.2223,3087216131.7233486,992673997.3386973,0.17453562030026026,0.11135134850688537,0.15501942101839286,0.30132958950000005,0.6986704104999999,0.048120066881118556,0.10830748251839285,0.7818044545111362,True,True,True,True,,0.06834596990349665,0.03996151261489621,True
BALL,Ball Corporation,Materials,"Metal, Glass & Plastic Containers",63.3,16755722240.0,18.137535,1.1696023,2.9150357,0.0127,3.49,2076000000.0,14325999735.12364,5748033288.23726,923814701.6998421,264703352.92259085,0.14491135267231547,0.06448518210110585,0.1607184052298176,0.23034669449999998,0.7696533055,0.05513428368298118,0.12369745183981759,0.7872975277067346,True,True,True,True,,0.06518957234265846,0.05850787949715913,True
BDX,Becton Dickinson,Health Care,Health Care Equipment,187.52,51077976064.0,32.442905,2.2717476,2.0919933,0.0224,5.78,6120999936.0,22484001331.838097,24415936735.552643,1574395806.580205,272386817.7474403,0.2722380169641984,0.07002293690273038,0.0644823051449924,0.726721072,0.273278928,0.03082338033539228,0.017621655224992407,0.9152458511698824,True,True,True,True,,0.07612947884907346,-0.05850782362408106,True
BBY,Best Buy,Consumer Discretionary,Computer & Electronics Retail,87.0,18336739328.0,13.765822,0.43450958,5.775358,0.0465,6.32,2652000000.0,42201001248.34992,3174996134.958214,1332048190.2639081,210767118.71264368,0.06284211088720779,0.03156437408735632,0.41954327173488076,0.640110723,0.35988927699999995,0.07264368230244442,0.15098912473488074,0.8819463643903789,True,True,True,True,,0.05731034296390001,0.09367878177098074,False
TECH,Bio-Techne,Health Care,Life Sciences Tools & Services,72.3,11337959424.0,62.32759,9.331354,5.3531766,0.0044,1.16,334105984.0,1215039041.9225335,2117987182.4142697,181909169.18174273,156818249.29460582,0.27497551310890417,0.14971466998616872,0.0858877521174812,0.274241396,0.7257586039999999,0.01604425905124841,0.062333775077481196,0.9891230455472465,True,True,True,True,,0.08278008342693821,-0.020446308349457015,True
BIIB,Biogen,Health Care,Biotechnology,222.67,32900382720.0,39.480495,3.2808847,1.744926,0.0,5.64,3359200000.0,10027899706.441984,18854887095.498608,833332548.3486774,147753997.93416268,0.3349854005661853,0.08310140435622222,0.04419716622094024,0.0,1.0,0.02532896307404454,0.04419716622094024,0.9676274944567625,True,True,True,True,,0.07860196661667995,-0.03440480039573971,True
BLK,BlackRock,Financials,Asset Management & Custody Banks,1107.08,179874136064.0,27.02832,6.5890374,2.9783912,0.0203,40.96,11116000256.0,27299000619.422802,60393052485.51634,6655024581.043322,162476186.06062797,0.4071944028636398,0.2437827184160133,0.11019520266150466,0.548674896,0.45132510400000003,0.03699823000467658,0.04973386130150467,0.6269707486365886,True,True,True,True,,0.07335079649789554,-0.023616935196390867,True
BA,Boeing,Industrials,Aerospace & Defense,208.87,165084594176.0,74.067375,1.7563125,27.069725,0.0,2.82,-2900000000.0,93995000420.48326,6098495428.970926,2228843565.740987,790370058.7733997,-0.03085270479309489,0.023712362953032983,0.36547434008563146,0.0,1.0,0.013501221016675696,0.36547434008563146,0.4137664346481052,True,True,True,True,,0.08392445054249593,0.28154988954313553,True
BWA,BorgWarner,Consumer Discretionary,Automotive Parts & Equipment,65.18,13274973184.0,31.33654,0.9254722,2.3616798,0.0107,2.08,2036000000.0,14343999942.948044,5620987732.545284,423626023.66861,203666357.53298557,0.14194088176924183,0.029533325805461794,0.07536504668352026,0.33530097799999997,0.664699022,0.03191162776745614,0.050095072823520256,0.6440501043841339,True,True,True,True,,0.07563976750464474,-0.025544694681124483,True
BSX,Boston Scientific,Health Care,Health Care Equipment,48.37,70099230720.0,19.582994,3.3386946,2.8069868,0.0,2.47,5711000064.0,20995999670.050682,24973124462.14567,3579596855.0423822,1449229495.9685757,0.27200419859723757,0.1704894699607195,0.14333797988193225,0.0,1.0,0.05106471461922523,0.14333797988193225,0.09167904903417526,True,True,True,True,,0.06702087842134864,0.07631710146058361,True
BMY,Bristol Myers Squibb,Health Care,Pharmaceuticals,67.66,138210082816.0,14.903085,2.8099475,6.1931353,0.0377,4.54,18929999872.0,49186001808.21884,22316658061.06319,9273925154.960686,2042714791.8415608,0.38486559541493065,0.18854805867573157,0.41556062385740933,0.5618463045,0.43815369550000005,0.06710020106575248,0.18207942304740937,0.962480857580398,True,True,True,True,,0.05980490952041138,0.122274513526998,False
AVGO,Broadcom,Information Technology,Semiconductors,367.24,1747173769216.0,60.902153,23.152107,19.926207,0.007,6.03,42083999744.0,75465000624.60837,87682205108.87997,28688208878.042915,4757580245.114911,0.5576624845382541,0.3801525030225466,0.3271839502948279,0.426315071,0.573684929,0.016419780758818166,0.18770050129482788,0.37690206788919245,True,True,True,True,,0.08261109865853182,0.10508940263629606,True
BR,Broadridge Financial Solutions,Industrials,Data Processing & Outsourced Services,178.06,20302721024.0,18.547916,2.7154293,7.1461253,0.0242,9.6,1808999936.0,7476799717.8199415,2841081029.4636173,1094609243.1225429,114021796.15859823,0.24194842770610708,0.14640077097607546,0.3852791494203445,0.44885956720000003,0.5511404328,0.05391441281058206,0.21234291716034456,0.362808629316709,True,True,True,True,,0.06573851423523808,0.1466044029251065,True
BRO,Brown & Brown,Financials,Insurance Brokers,72.04,24105330688.0,23.015974,3.6177893,1.889326,0.0092,3.13,2892000000.0,6663000160.899364,12758693146.656532,1047330442.1632426,334610364.9083842,0.4340387108154656,0.15718601483897834,0.08208759707497063,0.2117469608,0.7882530392,0.0434480852298495,0.06470579787497062,0.4265325222274218,True,True,True,True,,0.07044836164656772,-0.005742563771597098,True
BLDR,Builders FirstSource,Industrials,Building Products,63.09,6788260352.0,67.83871,0.46981797,1.6948289,0.0,0.93,1022512000.0,14448703083.87736,4005277672.5721397,100064703.23918213,107596455.09589475,0.07076842773113484,0.006925514536376604,0.02498321238714592,0.0,1.0,0.014740846339796259,0.02498321238714592,0.008791704238052313,True,True,True,True,,0.08336661914709168,-0.05838340675994576,True
BG,Bunge Global,Consumer Staples,Agricultural Products & Services,122.86,23603755008.0,26.478449,0.2570683,1.4794923,0.0238,4.64,3126000128.0,91819002996.47992,15953955967.192259,891432713.9599544,192119119.3879212,0.034045241464012,0.009708586293342016,0.05587533846865426,0.6301870862000001,0.3698129137999999,0.037766562535441556,0.020663421728654256,0.7959565069656812,True,True,True,True,,0.07300504685905129,-0.052341625130397036,True
CHRW,C.H. Robinson,Industrials,Air Freight & Logistics,145.2,16966802432.0,28.249027,0.99825203,10.447546,0.017,5.14,932641024.0,16996511824.774351,1623998825.3700914,600615457.9922866,116851256.41873279,0.054872495816498626,0.035337571860881545,0.3698373752837576,0.4802334590000001,0.5197665409999999,0.03539944933324606,0.19222909328375754,0.24870227246510537,True,True,True,True,,0.07407024780003926,0.11815884548371827,True
CDNS,Cadence Design Systems,Information Technology,Application Software,306.67,84454768640.0,60.847225,14.467322,12.315076,0.0,5.04,2155915008.0,5837622791.557415,6857835764.878756,1387980676.1196074,275392991.2935729,0.3693138602785304,0.23776470760100432,0.20239338770173987,0.0,1.0,0.01643460322142875,0.20239338770173987,0.2853059633623491,True,True,True,True,,0.08260442855035706,0.11978895915138281,True
CPB,Campbell Soup Company,Consumer Staples,Packaged Foods & Meats,23.78,7091344384.0,11.6,0.71427727,1.7592661,0.0658,2.05,1704999936.0,9927999506.410166,4030853765.669673,611322791.7241378,298206239.8654331,0.17173650491210646,0.06157562672413791,0.15166087068965517,0.76328,0.23672000000000004,0.08620689655172414,0.03590116130965518,0.28884325804243677,True,True,True,True,,0.05120689655172413,-0.015305735242068956,True
KMX,CarMax,Consumer Discretionary,Automotive Retail,61.43,8717598720.0,38.15528,0.30916202,1.424761,0.0,1.61,1031401024.0,28197508607.29918,6118639350.74023,228476866.99007002,141911097.50936025,0.03657773593986997,0.008102732414129904,0.03734112290618756,0.0,1.0,0.026208692479782615,0.03734112290618756,0.8900628212450029,True,True,True,True,,0.07820608838409782,-0.040864965477910256,True
CCL,Carnival,Consumer Discretionary,"Hotels, Resorts & Cruise Lines",23.74,32515471360.0,10.693693,1.1905632,2.511638,0.0194,2.22,7302000128.0,27310999836.043983,12945922684.7181,3040621163.4035387,1369649172.7042966,0.2673648043585394,0.1113332057287279,0.234870965530804,0.2074576442,0.7925423558,0.09351306419587696,0.18614518833080398,0.06027397260273972,True,True,True,True,,0.04791912111185536,0.13822606721894862,True
CARR,Carrier Global,Industrials,Building Products,57.58,47464636416.0,40.836884,2.1469438,3.6134295,0.0168,1.41,3092999936.0,22108001344.050087,13135619891.297173,1162298321.4060438,824325050.6425842,0.13990409571023557,0.052573649843695724,0.08848445684543414,0.6860596511999999,0.3139403488000001,0.024487666590820203,0.02777884124543415,0.2767722473604825,True,True,True,True,,0.0789805500341309,-0.05120170878869675,True
CAT,Caterpillar Inc.,Industrials,Construction Machinery & Heavy Transportation Equipment,792.28,364191219712.0,34.120586,4.8734927,18.777523,0.0084,23.22,16250999808.0,74728996662.29109,19395061836.004677,10673650883.163326,459674887.30246884,0.2174657834821486,0.1428314491013278,0.5503282681018432,0.2866129224,0.7133870776,0.029307820211528602,0.3925970749018432,0.5734332569746802,True,True,True,True,,0.07681148090481213,0.3157855939970311,False
CBOE,Cboe Global Markets,Financials,Financial Exchanges & Data,294.12,30715250688.0,23.990211,6.0686483,5.466203,0.0112,12.26,1930700032.0,5061300172.560667,5619120015.850124,1280324267.0844553,104431016.89106487,0.381463253743988,0.2529635120291038,0.2278513932203431,0.2686903632,0.7313096368,0.041683668392912425,0.1666299196203431,0.4649725751579532,True,True,True,True,,0.07124234922318941,0.09538757039715369,True
CBRE,CBRE Group,Real Estate,Real Estate Services,142.06,41137065984.0,33.03721,0.9411147,4.903016,0.0,4.3,2214000128.0,43711001415.66166,8390155362.332083,1245173755.675067,289575292.0174574,0.05065086720266087,0.028486507180064766,0.14840890014622904,0.0,1.0,0.030268899825378715,0.14840890014622904,0.38740966146823885,True,True,True,True,,0.07637899507857958,0.07202990506764946,True
CDW,CDW,Information Technology,Technology Distributors,148.67,18586339328.0,18.086374,0.79089457,7.6280146,0.0168,8.22,2010899968.0,23500400727.242317,2436589375.1697855,1027643164.5668932,125017416.61397727,0.08556875226680322,0.043728750692136956,0.4217547751694176,0.3038510832,0.6961489168,0.05529024225640806,0.29360412988941764,0.6925970710734916,True,True,True,True,,0.06511939098461637,0.22848473890480125,False
COR,Cencora,Health Care,Health Care Distributors,336.36,64186621952.0,24.971045,0.19288507,21.038279,0.0073,13.47,5546476032.0,332771333478.5321,3050944516.516774,2570441781.7024617,190827155.28600308,0.01666752954355011,0.00772434859347128,0.8425069515512866,0.1822886285,0.8177113715,0.0400463817193073,0.6889275148512866,0.6897227245328511,True,True,True,True,,0.07197912822631171,0.6169483866249749,False
CNP,CenterPoint Energy,Utilities,Multi-Utilities,39.51,26026035200.0,23.517857,2.705409,2.2205362,0.0243,1.68,3854000128.0,9620000229.170525,11720608382.786102,1106649940.1670463,658720202.4803847,0.4006237043855359,0.11503637357630979,0.0944191556228954,0.5714839250999999,0.4285160749000001,0.04252088104796283,0.040460125962895416,0.3360277136258658,True,True,True,True,,0.07086560352841673,-0.03040547756552131,True
CF,CF Industries,Materials,Fertilizers & Agricultural Chemicals,139.27,21076860928.0,10.062861,2.7234607,3.6730227,0.0177,13.84,3872999936.0,7738999475.189783,5738287685.507633,2094519675.76305,151338126.86149207,0.5004522804810014,0.27064476260501186,0.3650077945029749,0.1781126397,0.8218873603,0.09937531682093194,0.29999529271297487,0.9595731890592125,True,True,True,True,,0.04528110743058062,0.25471418528239426,True
CHTR,Charter Communications,Communication Services,Cable & Satellite,158.97,21425577984.0,3.80402,0.3938815,1.1185461,0.0,41.79,21814999040.0,54395999771.50488,19154845726.96646,5632351411.9101715,134777492.50802037,0.40104050172137284,0.1035434854689564,0.29404317012003095,0.0,1.0,0.26287979558467095,0.29404317012003095,0.2721065014058645,True,True,True,True,,-0.02829590801310193,0.3223390781331329,True
CVX,Chevron Corporation,Energy,Integrated Oil & Gas,211.78,415428345856.0,20.402697,1.9840502,2.18781,0.0337,10.38,50661998592.0,209383989304.3029,189883191801.84753,20361442204.10464,1961603295.193125,0.24195736627394024,0.09724450408914914,0.10723141161190601,0.6875708889000001,0.31242911109999993,0.049013128019300585,0.03350221461190601,0.9570507182644384,True,True,True,True,,0.06794409239131473,-0.03444187777940872,True
CMG,Chipotle Mexican Grill,Consumer Discretionary,Restaurants,38.52,48743903232.0,35.666664,3.9234424,22.201729,0.0,1.08,2275020032.0,12423759102.975489,2195500324.8620863,1366651492.4859812,1265418048.5981307,0.18311849200739355,0.11000305794392523,0.6224784297180135,0.0,1.0,0.0280373852738232,0.6224784297180135,0.7090663058186741,True,True,True,True,,0.07738317662677956,0.545095253091234,False
CB,Chubb Limited,Financials,Property & Casualty Insurance,339.42,130948194304.0,12.006368,2.1156166,1.7366079,0.012,28.27,14883000320.0,61895994909.47462,75404582867.55461,10906562527.176006,385799877.155147,0.24045175042047529,0.1762078878145071,0.14464056907134615,0.144076416,0.855923584,0.08328913456592368,0.12380127427134614,0.7367060928337142,True,True,True,True,,0.05251988944533434,0.0712813848260118,True
CHD,Church & Dwight,Consumer Staples,Household Products,99.32,23559092224.0,31.833334,3.782102,5.416962,0.0124,3.12,1354800000.0,6229100173.39564,4349133743.969406,740076195.5183247,237203908.81997585,0.2174952982432877,0.1188094869109948,0.1701663419860452,0.3947333416,0.6052666583999999,0.031413611907568334,0.10299601318604518,0.7280453257790364,True,True,True,True,,0.07586387464159425,0.02713213854445093,True
CI,Cigna,Health Care,Health Care Services,282.84,74737778688.0,11.711802,0.26466906,1.7499985,0.022,24.15,12757999616.0,282382000706.845,42707338713.718895,6381407705.116674,264240484.68392026,0.045179932092218315,0.022598493137462882,0.14942179691903945,0.257659644,0.7423403559999999,0.0853839571399858,0.11092182991903944,0.5704318062137963,True,True,True,True,,0.051577219287006384,0.05934461063203306,True
CINF,Cincinnati Financial,Financials,Property & Casualty Insurance,171.69,26350647296.0,8.1024065,1.8883939,1.5798191,0.0221,21.19,4365000192.0,13953999372.694435,16679534572.027899,3252199989.529035,153478055.19249812,0.31281355799266775,0.2330657973149281,0.1949814663088059,0.17906318365000004,0.8209368163499999,0.1234201221575343,0.16006746419880588,0.4840437402365543,True,True,True,True,,0.03446094502910956,0.1256065191696963,True
CTAS,Cintas,Industrials,Diversified Support Services,198.09,79269584896.0,40.344196,7.0369525,15.421564,0.0104,4.91,2994993920.0,11264760547.410261,5140178058.204732,1964832459.181988,400169543.62158614,0.2658728436698587,0.17442292278762178,0.38224987802458626,0.41957963839999995,0.5804203616000001,0.024786712814899078,0.2218656124245863,0.636614376831581,True,True,True,True,,0.07884597923329541,0.1430196331912909,True
CSCO,Cisco,Information Technology,Communications Equipment,109.455,431409725440.0,32.968376,6.8126287,8.595492,0.0153,3.32,18626000896.0,63325001910.05566,50190230581.332634,13085562911.340733,3941434611.8496184,0.29413344388770235,0.20664133464894247,0.26071930264323606,0.5044161528,0.49558384720000004,0.03033209764411811,0.12920827504323606,0.6744240348692403,True,True,True,True,,0.07635055606014685,0.05285771898308922,True
CME,CME Group,Financials,Financial Exchanges & Data,277.77,99880329216.0,23.53983,14.78132,3.763005,0.0182,11.8,4771100160.0,6757199574.598209,26542704358.883392,4243035190.0810027,359579253.39669514,0.7060765495125538,0.6279280555855564,0.15985693184700145,0.428424906,0.571575094,0.04248119039092466,0.09137024084700143,0.5364005412719889,True,True,True,True,,0.0708834643240839,0.020486776522917527,True
CMS,CMS Energy,Utilities,Multi-Utilities,68.06,21342060544.0,20.438438,2.4216568,2.2349193,0.0335,3.33,3017999872.0,8812999655.442505,9549365180.21031,1044211895.5556861,313577145.81251836,0.34244865425998533,0.11848541204819277,0.10934883086466783,0.6846876730000001,0.3153123269999999,0.04892741803458757,0.034479034314667825,0.06605922551252881,True,True,True,True,,0.0679826618844356,-0.03350362756976777,True
KO,Coca-Cola Company (The),Consumer Staples,Soft Drinks & Non-alcoholic Beverages,88.24,379656929280.0,26.498499,7.573599,10.503511,0.0241,3.33,16997999616.0,50128998020.624016,36145716349.513985,14327488378.31369,4302549062.5566635,0.33908516601522143,0.2858123829329102,0.3963813572987662,0.6386138258999999,0.36138617410000007,0.03773798659312741,0.14324674219876626,0.8434045689019897,True,True,True,True,,0.07301790603309266,0.0702288361656736,True
CTSH,Cognizant,Information Technology,IT Consulting & Other Services,63.4,28558163968.0,13.605151,1.3195714,1.9814978,0.0208,4.66,4036000000.0,21641999794.78185,14412412654.709988,2099070096.0706627,450444226.6246057,0.186489235665418,0.09699057924290223,0.14564320528305788,0.2829871408,0.7170128592,0.0735015730439155,0.10442805104305788,0.5269269269269269,True,True,True,True,,0.05692429213023802,0.04750375891281986,True
CMCSA,Comcast,Communication Services,Cable & Satellite,26.81,95138947072.0,8.430818,0.7616966,1.0592232,0.0502,3.18,34072999936.0,124903993364.28705,89819546127.7661,11284664367.361433,3548636593.5098844,0.2727935193923292,0.09034670600522193,0.12563706155203444,0.4232270636,0.5767729364,0.11861245255205366,0.07246405691203445,0.47754749568221055,True,True,True,True,,0.03662439635157585,0.0358396605604586,True
COP,ConocoPhillips,Energy,Oil & Gas Exploration & Production,137.2,164823498752.0,18.028908,2.5570283,2.522198,0.0247,7.61,26780000256.0,64459004521.77241,65349151316.431145,9142178028.445482,1201337454.4606414,0.4154578627871065,0.1418293393804665,0.13989743582916944,0.44531402760000005,0.5546859724,0.05546647639446604,0.07759914522916944,0.9967181467181464,True,True,True,True,,0.06504008562249028,0.012559059606679163,True
ED,Consolidated Edison,Utilities,Multi-Utilities,107.67,39819448320.0,17.679802,2.2510853,1.5489634,0.0326,6.09,6161999872.0,17689000199.148384,25707158942.55474,2252256341.309557,369828627.47283363,0.3483520720575639,0.12732524823070493,0.08761203321168418,0.5763615451999999,0.42363845480000006,0.056561719412921034,0.037115826371684174,0.5975552421250588,True,True,True,True,,0.06454722626418553,-0.02743139989250136,True
STZ,Constellation Brands,Consumer Staples,Distillers & Vintners,129.35,22093543424.0,12.437501,2.4394693,2.6865642,0.0315,10.4,3455800064.0,9056700743.887205,8223716903.545428,1776365300.4221106,170804355.80981833,0.38157383816976426,0.1961382351758794,0.21600514444179744,0.39178128149999997,0.6082187185000001,0.08040200358576856,0.13137837214179746,0.06880189798339245,True,True,True,True,,0.05381909838640415,0.07755927375539332,True
CEG,Constellation Energy,Utilities,Electric Utilities,290.04,102763315200.0,28.351908,3.2863228,3.2227025,0.0061,10.23,7952000000.0,31270000378.53859,31887310479.32597,3624564592.8009925,354307389.3256102,0.25430124412335037,0.1159118819611088,0.11366792316058587,0.17294663880000002,0.8270533612,0.035270994812765334,0.09400943791058586,0.3336230781767807,True,True,True,True,,0.0741280523342556,0.019881385576330263,True
COO,Cooper Companies (The),Health Care,Health Care Supplies,69.73,13599485952.0,58.596638,3.2142487,1.6495553,0.0,1.19,886400000.0,4230999907.3811555,8244334671.289892,232086451.78373724,195030631.7510397,0.20950130451518997,0.05485380686935321,0.028151022930701246,0.0,1.0,0.017065825517156803,0.028151022930701246,0.3503555268261152,True,True,True,True,,0.08232037851727944,-0.05416935558657819,True
CPRT,Copart,Industrials,Diversified Support Services,32.16,29774096384.0,20.1,6.4183984,3.3934789,0.0,1.6,1961246976.0,4638866977.157416,8773915283.221594,1481298327.5621893,925811454.7263683,0.42278577628061326,0.31932330348258714,0.16882979601990047,0.0,1.0,0.04975124378109452,0.16882979601990047,0.2296137339055793,True,True,True,True,,0.06761194029850746,0.10121785572139301,True
GLW,Corning Inc.,Information Technology,Electronic Components,144.13,124151906304.0,67.03721,7.3185515,10.39674,0.0077,2.15,4084999936.0,16963999816.63038,11941426476.37625,1851985003.494068,861388373.7181711,0.24080405447749043,0.10917148216887533,0.15508909156571402,0.5161865170000001,0.48381348299999993,0.01491708858408636,0.07503419356571402,0.3692870201096892,True,True,True,True,,0.08328731013716113,-0.008253116571447117,True
CPAY,Corpay,Financials,Transaction & Payment Processing Services,416.4,27340656640.0,24.624483,5.4458013,7.718687,0.0,16.91,2798278912.0,5020502059.081737,3542138272.9990215,1110303803.5120077,65659598.078770414,0.5573703344943579,0.22115393847982712,0.3134557992547498,0.0,1.0,0.04060998965947833,0.3134557992547498,0.9448327652937438,True,True,True,True,,0.07172550465323474,0.24173029460151507,True
CTVA,Corteva,Materials,Fertilizers & Agricultural Chemicals,89.97,60027629568.0,53.236687,3.3700666,2.3852699,0.0082,1.69,4275000064.0,17812000975.885757,25165969506.427765,1127561342.3354452,667196060.5535178,0.24000672747478402,0.06330346286539958,0.04480500261032396,0.43654083340000005,0.5634591666,0.018784038909107924,0.02524578943032396,0.9671430918350583,True,True,True,True,,0.08154718249090143,-0.056301393060577465,True
CSGP,CoStar Group,Real Estate,Real Estate Services,31.26,12666477568.0,173.66666,3.5620015,1.595305,0.0,0.18,394000000.0,3556000065.693403,7939846968.44804,72935571.40882917,405197618.9379398,0.11079864812183908,0.020510565259117083,0.009186017627102404,0.0,1.0,0.005758157610677835,0.009186017627102404,0.08136363636363637,True,True,True,True,,0.08740882907519497,-0.07822281144809257,False
COST,Costco,Consumer Staples,Consumer Staples Merchandise Retail,928.48,411761213440.0,46.821987,1.4025186,24.906916,0.0063,19.83,13790000128.0,293586989463.09875,16532003136.799435,8794184971.690504,443478818.5421334,0.0469707467392157,0.029954273477080816,0.5319491460283392,0.2949785181,0.7050214819,0.02135748745562635,0.3750355752283392,0.3344160988749804,True,True,True,True,,0.08038913064496814,0.2946464445833711,False
CRWD,CrowdStrike,Information Technology,Systems Software,203.42,208288825344.0,5085.5,38.59956,44.69787,0.0,0.04,106861000.0,5396145068.596638,4659927315.194214,40957393.63759709,1023934840.9399273,0.01980321111489152,0.0075901209320617434,0.008789277357192017,0.0,1.0,0.00019663749877101564,0.008789277357192017,0.7944669365721997,True,True,True,True,,0.08991151312555304,-0.08112223576836103,False
CSX,CSX Corporation,Industrials,Rail Transportation,48.65,90122903552.0,28.284883,6.210233,6.3996315,0.0115,1.72,6831000064.0,14512000363.271395,14082514524.781622,3186256816.2269273,1852474893.1551902,0.4707138845784944,0.2195601389516958,0.22625624790457857,0.3252761545,0.6747238455,0.035354574385193675,0.15266048565457857,0.7729357798165136,True,True,True,True,,0.07409044152666285,0.07857004412791573,True
CMI,Cummins,Industrials,Construction Machinery & Heavy Transportation Equipment,550.9,75839365120.0,28.164623,2.1850686,5.9032803,0.016,19.56,5020000256.0,34708001899.803055,12846986974.34374,2692717338.4410963,137664485.60537302,0.14463524205432537,0.07758203270284988,0.2095991236949985,0.450633968,0.549366032,0.03550553472702262,0.1151466388949985,0.4625053933553861,True,True,True,True,,0.07402250937283981,0.04112412952215869,True
CVS,CVS Health,Health Care,Health Care Services,97.23,124354289664.0,25.790451,0.30135903,1.5590476,0.0273,3.77,16679999488.0,412644975874.78955,79762984570.83672,4821718317.734033,1278970376.0567725,0.04042215575904958,0.0116849073650108,0.06045057529238244,0.7040793123000001,0.2959206876999999,0.03877404082619571,0.017888575812382432,0.6733058051979596,True,True,True,True,,0.07255168162821193,-0.054663105815829505,True
DHI,D. R. Horton,Consumer Discretionary,Homebuilding,142.26,39790301184.0,13.561487,1.1931125,1.6766453,0.0127,10.49,4127399936.0,33349999420.842545,23732092401.416092,2934066212.710249,279701259.55293125,0.12376012017021278,0.08797799891044567,0.12363285088132296,0.1722308849,0.8277691151,0.07373822649389407,0.10233945557132296,0.1990530303030301,True,True,True,True,,0.056817798077747665,0.04552165749357529,True
DHR,Danaher Corporation,Health Care,Life Sciences Tools & Services,209.91,147563806720.0,36.891037,5.877397,2.8060584,0.0077,5.69,8028000256.0,25107000041.004547,52587575055.45857,3999990759.071984,702986073.6506122,0.3197514734093574,0.15931775013100855,0.07606341887326182,0.2840609849,0.7159390151,0.027106855250504346,0.05445676919326182,0.5982655429339194,True,True,True,True,,0.07780191513727304,-0.02334514594401122,True
DRI,Darden Restaurants,Consumer Discretionary,Restaurants,220.03,24982593536.0,21.095877,1.891059,11.370472,0.0301,10.43,2115000064.0,13210901159.614798,2197146568.4098253,1184240560.7438986,113541760.37813026,0.16009506379969532,0.0896411642503295,0.5389902491373076,0.6349858977,0.3650141023,0.0474026275371249,0.19673904193730768,0.8398617511520738,True,True,True,True,,0.0686688176082938,0.12807022432901388,False
DECK,Deckers Brands,Consumer Discretionary,Footwear,83.76,11406593024.0,11.914652,2.0636868,4.9756446,0.0,7.03,1326978944.0,5527288842.473577,2292485484.9962554,957358511.9235911,136181865.13849092,0.2400777274028164,0.1732058047277937,0.4176072116919571,0.0,1.0,0.08393027341461588,0.4176072116919571,0.10421143102707366,True,True,True,True,,0.05223137696342285,0.36537583472853424,False
DE,Deere & Company,Industrials,Agricultural & Farm Machinery,698.37,188298297344.0,37.58719,3.9288561,6.727322,0.0096,18.58,8600000512.0,47927002809.80003,27990082434.58541,5009640111.476037,269625409.659636,0.17943956450040072,0.10452646353365694,0.1789791149591124,0.36083702399999995,0.639162976,0.026604808712755595,0.1143968237591124,0.9915184576296519,True,True,True,True,,0.07802783607925998,0.03636898767985243,True
DAL,Delta Air Lines,Industrials,Passenger Airlines,78.14,51386662912.0,12.95854,0.7525102,2.3428178,0.0102,6.03,7506999808.0,68286998517.760956,21933700056.402164,3965466820.5702586,657623021.6534425,0.10993307614841914,0.05807059772203737,0.1807933455466434,0.13217710800000002,0.867822892,0.07716918726955352,0.15689660398664337,0.5685116851168511,True,True,True,True,,0.05527386572870091,0.10162273825794246,True
DVN,Devon Energy,Energy,Oil & Gas Exploration & Production,49.03,53932998656.0,10.658695,2.8716788,1.3505026,0.0261,4.6,8924000256.0,18780999691.19109,39935501535.50241,5059999873.905771,1099999972.5882113,0.475161088479526,0.2694212212930858,0.12670431042449382,0.27819193950000004,0.7218080604999999,0.09382011587722512,0.0914561925644938,0.8267419962335217,True,True,True,True,,0.04778094785524869,0.043675244709245116,True
DXCM,Dexcom,Health Care,Health Care Equipment,89.69,33845487616.0,35.59127,6.8110533,12.912468,0.0,2.52,1403200000.0,4969200228.692968,2621147840.676159,950949144.7465715,377360771.72483,0.2823794444622488,0.19136865108707773,0.36279874250061883,0.0,1.0,0.028096777664859948,0.36279874250061883,0.9246361746361745,True,True,True,True,,0.07735645005081301,0.2854422924498058,True
FANG,Diamondback Energy,Energy,Oil & Gas Exploration & Production,203.42,56961622016.0,38.820614,3.5057619,1.505889,0.0217,5.24,11779999744.0,16248000760.120075,37825910154.06846,1467303605.1707797,280019771.97915643,0.7250122595337043,0.09030671692065677,0.03879096296622202,0.8424073238,0.15759267619999995,0.02575951014066908,0.006113171666222016,0.8368038740920094,True,True,True,True,,0.07840822043669891,-0.0722950487704769,True
DG,Dollar General,Consumer Staples,Consumer Staples Merchandise Retail,130.89,28876531712.0,17.020805,0.6617291,3.1088045,0.018,7.69,3581925888.0,43637995838.47832,9288629025.08022,1696543119.1479871,220616790.52639624,0.08208273132565805,0.03887765894262358,0.1826473248474441,0.30637448999999994,0.6936255100000001,0.05875162778728738,0.12668884384744408,0.5668567807351076,True,True,True,True,,0.06356176749572068,0.0631270763517234,True
DLTR,Dollar Tree,Consumer Staples,Consumer Staples Merchandise Retail,131.91,24750313472.0,16.125917,1.2332793,7.274181,0.0,8.18,2503800064.0,20068700960.115036,3402487987.582382,1534815891.1451747,187630304.54097492,0.12476144165863579,0.0764780886513532,0.45108634752367877,0.0,1.0,0.06201197736538021,0.45108634752367877,0.8181660599757322,True,True,True,True,,0.0620946101855789,0.3889917373380999,False
D,Dominion Energy,Utilities,Multi-Utilities,66.05,58092691456.0,22.854671,3.2061753,2.0809705,0.0402,2.89,8341000192.0,18119000372.811806,27916153283.287777,2541830103.0710073,879525987.2218018,0.4603454948053295,0.14028533863739592,0.09105230611282919,0.9187577741999999,0.08124222580000007,0.04375473180077718,0.007397292012829196,0.5950991831971996,True,True,True,True,,0.07031037068965026,-0.06291307867682107,True
DOV,Dover Corporation,Industrials,Industrial Machinery & Supplies & Components,188.9,25441093632.0,22.869247,3.021305,3.302332,0.0111,8.26,1908990976.0,8420564501.763311,7703978168.15511,1112458620.435786,134680220.39174166,0.22670581949704763,0.13211211911064052,0.14440055678265226,0.25384864170000004,0.7461513582999999,0.043726844176373625,0.10774467158265225,0.38093419880361473,True,True,True,True,,0.07032292012063186,0.03742175146202038,True
DTE,DTE Energy,Utilities,Multi-Utilities,136.05,28310382592.0,21.492891,1.719428,2.3302617,0.0342,6.33,3616999936.0,16465000332.668772,12149014246.768936,1317197514.2033076,208088074.9136347,0.2196780967458219,0.07999984740904079,0.10842011435315983,0.7350568722,0.26494312779999996,0.04652701211763462,0.028725164213159834,0.33265582655826587,True,True,True,True,,0.06906284454706442,-0.040337680333904585,True
DUK,Duke Energy,Utilities,Electric Utilities,120.56,94000898048.0,18.129322,2.865619,1.7486148,0.036,6.65,16616999936.0,32802999298.92983,53757350131.086624,5185019675.0099535,779702206.768414,0.5065695299558207,0.1580654143165229,0.09645229976057572,0.6526555919999999,0.3473444080000001,0.05515926078206345,0.03350216696057572,0.3234579893152013,True,True,True,True,,0.06517833264807144,-0.03167616568749571,True
EMN,Eastman Chemical Company,Materials,Specialty Chemicals,72.16,8249809408.0,18.791668,0.9306045,1.3533131,0.0479,3.84,1392999936.0,8865000553.941013,6096009421.618692,439014247.8758315,114326627.0509978,0.157134782736221,0.04952219068736142,0.07201665653096893,0.9001208972,0.09987910280000001,0.05321507382952913,0.007192959040968938,0.5866228070175438,True,True,True,True,,0.06605321677671189,-0.05886025773574295,True
ETN,Eaton Corporation,Industrials,Electrical Components & Equipment,390.85,151806148608.0,39.841995,5.0558233,7.495158,0.0113,9.81,6639000064.0,30025999644.41004,20253895729.482956,3810204216.053422,388400022.0237943,0.22110837749363613,0.12689683145196368,0.18812205563501527,0.45021454349999995,0.5497854565,0.025099144759191904,0.10342677023501527,0.4752528901734105,True,True,True,True,,0.07870538485836365,0.024721385376651625,True
EBAY,eBay,Consumer Discretionary,Broadline Retail,106.7,47481499648.0,22.091097,3.9541557,10.178384,0.0118,4.83,3096000000.0,12007999494.80998,4664934988.5011215,2149349984.0659795,444999996.7010309,0.25782812543739136,0.1789931774226804,0.4607459738192268,0.2606749446,0.7393250553999999,0.04526710466211795,0.34064104261922673,0.6945251937984497,True,True,True,True,,0.06962980290204691,0.27101123971717983,False
ECL,Ecolab,Materials,Specialty Chemicals,279.9,78463975424.0,37.57047,4.6586895,7.8031783,0.0104,7.45,4135699968.0,16842499467.715115,10055386716.46142,2088448077.5591288,280328601.01464814,0.24555143824867562,0.12399870230439447,0.20769445524636768,0.390732888,0.6092671119999999,0.02661664866050385,0.12654140092636768,0.555807622504537,True,True,True,True,,0.07802250810277327,0.04851889282359441,True
EIX,Edison International,Utilities,Electric Utilities,55.19,21237882880.0,5.6955624,1.0934398,1.2172743,0.0597,9.69,8929999872.0,19423001504.060852,17447080645.66877,3728847347.4759917,384813967.7477804,0.4597641548929997,0.19198100492842907,0.21372328393768453,0.34002507528000003,0.65997492472,0.1755752864721489,0.14105200822768452,0.10769750168804852,True,True,True,True,,0.010991121087532987,0.13006088714015152,True
EW,Edwards Lifesciences,Health Care,Health Care Equipment,90.82,52348649472.0,54.059525,8.038427,4.931849,0.0,1.68,1996800000.0,6512300164.1987915,10614406376.188728,968352027.2292446,576400016.2078837,0.30661977329874296,0.14869585289583792,0.09122997288636923,0.0,1.0,0.01849812775824427,0.09122997288636923,0.7719883284701955,True,True,True,True,,0.08167584250879008,0.009554130377579156,True
EA,Electronic Arts,Communication Services,Interactive Home Entertainment,209.7,52925640704.0,59.743587,6.745557,7.7727118,3.6e-05,3.51,1726000000.0,7846000071.45444,6809160311.8489485,885879822.9424893,252387413.94372916,0.21998470357903596,0.11290846480686695,0.13010119060979716,0.002150769132,0.997849230868,0.016738198193556743,0.12982137298499716,0.9890590809628008,True,True,True,True,,0.08246781081289946,0.0473535621720977,True
ELV,Elevance Health,Health Care,Managed Health Care,405.84,88014233600.0,17.823452,0.43763357,1.9607123,0.0171,22.77,8323999744.0,201113990409.83075,44888907770.9157,4938113786.398581,216869292.3319535,0.041389461404635876,0.02455380541321703,0.1100074385141554,0.3047810292,0.6952189708000001,0.056105854241927995,0.07647925818415541,0.8116480793060717,True,True,True,True,,0.0647523655911324,0.011726892593023008,True
EMR,Emerson Electric,Industrials,Electrical Components & Equipment,148.98,83101040640.0,32.528385,4.4591675,4.0777335,0.015,4.58,6057999872.0,18635998903.382748,20379223075.7601,2554723896.7055984,557799977.4466372,0.32506976971866913,0.13708542858101763,0.1253592362485872,0.487925775,0.512074225,0.030742380846758916,0.0641932337485872,0.6026080988332188,True,True,True,True,,0.07616592861895849,-0.011972694870371295,True
ENPH,Enphase Energy,Information Technology,Semiconductor Materials & Equipment,35.52,4693777920.0,35.168316,3.5331357,3.9713774,0.0,1.01,191792000.0,1328502021.5894907,1181901755.2952785,133466095.13513513,132144648.64864863,0.14436711189233256,0.10046359957770269,0.1129248668034034,0.0,1.0,0.02843468535712657,0.1129248668034034,0.20308590492076736,True,True,True,True,,0.07720439158929304,0.035720475214110356,True
ETR,Entergy,Utilities,Electric Utilities,106.75,49812910080.0,27.30179,3.6947095,2.7326252,0.0239,3.91,5538091008.0,13482226432.145748,18228958029.07768,1824529071.7826698,466631476.15925056,0.4107697668387692,0.13532846974238877,0.10008959852082959,0.652512781,0.347487219,0.03662763503784917,0.03477985624082959,0.6349453978159125,True,True,True,True,,0.07351756423296787,-0.038737707992138284,True
EOG,EOG Resources,Energy,Oil & Gas Exploration & Production,148.96,78133870592.0,11.592218,2.9240625,2.4566264,0.0275,12.85,14494999552.0,26720998813.123867,31805353305.655266,6740200302.814178,524529206.44468313,0.5424572506953169,0.2522435762956498,0.21192030722679647,0.31878599500000004,0.681214005,0.0862647683126732,0.14436308122679645,0.9095622119815672,True,True,True,True,,0.051180854259297054,0.09318222696749939,True
EPAM,EPAM Systems,Information Technology,IT Consulting & Other Services,117.2,6045993984.0,15.923912,1.0764223,1.7181728,0.0,7.36,753348992.0,5616749099.307958,3518850946.773223,379680168.2784983,51586979.38566553,0.13412544848991395,0.06759785092150171,0.1078989132821131,0.0,1.0,0.06279863892741934,0.1078989132821131,0.2953100956713722,True,True,True,True,,0.06174061248266129,0.0461583007994518,True
EQT,EQT Corporation,Energy,Oil & Gas Exploration & Production,55.75,34872520704.0,12.905092,3.7521868,1.3805997,0.0119,4.32,6995361792.0,9293919136.435318,25258965871.135563,2702229407.018475,625516066.4394618,0.752681585594586,0.2907524121255605,0.10698100408737884,0.15357059480000002,0.8464294052,0.07748879279589793,0.09055186765737884,0.38472906403940904,True,True,True,True,,0.05513004324184593,0.03542182441553291,True
EFX,Equifax,Industrials,Research & Consulting Services,185.48,21791098880.0,32.65493,3.3813484,4.9797297,0.012,5.68,1924300032.0,6444499738.624982,4375960181.13192,667314220.6081518,117484897.99439293,0.29859571883706437,0.10354786991589389,0.15249549455472727,0.39185916,0.60814084,0.030623247393272622,0.09273873815472727,0.2868114625485176,True,True,True,True,,0.07621953867302732,0.016519199481699956,True
EQR,Equity Residential,Real Estate,Multi-Family Residential REITs,63.66,24611481600.0,28.675674,7.865061,2.273409,0.000426,2.22,1890653056.0,3129216874.478151,10825804595.653488,858270329.1234685,386608256.36192274,0.6041936790703578,0.274276396795476,0.07928005458563939,0.012215837124,0.987784162876,0.03487276358351681,0.07831158235163939,0.43718592964824093,True,True,True,True,,0.07430725638741743,0.004004325964221955,True
ERIE,Erie Indemnity,Financials,Insurance Brokers,258.41,13512224768.0,23.449183,3.280089,5.476993,0.0228,11.02,834972032.0,4119468943.678053,2467088193.8319073,576234344.4269184,52289867.915328346,0.20268924063170585,0.13988073518826669,0.23356860663333132,0.5346413724000001,0.4653586275999999,0.04264540901062523,0.10869316623333129,0.39232564925590924,True,True,True,True,,0.07080956594521864,0.03788360028811265,True
EVRG,Evergy,Utilities,Electric Utilities,80.77,18622908416.0,20.763494,3.055992,1.8216057,0.0341,3.89,2840399872.0,6093899596.595803,10223347684.957287,896906199.5572615,230567146.41574845,0.46610545956266075,0.14718099393339112,0.087731173761025,0.7080351454,0.2919648546,0.048161451054432355,0.025614419391025,0.5686813186813183,True,True,True,True,,0.06832734702550544,-0.04271292763448044,True
ES,Eversource Energy,Utilities,Electric Utilities,70.44,26532970496.0,18.296104,1.8954325,1.623453,0.0447,3.85,4933026816.0,13998372664.813967,16343540894.62399,1450197847.9500284,376674765.7013061,0.35240002063951037,0.10359760256956276,0.08873216942798313,0.8178358487999999,0.18216415120000007,0.05465644489121837,0.016163820327983143,0.5658640226628896,True,True,True,True,,0.06540459979895173,-0.04924077947096859,True
EXC,Exelon,Utilities,Electric Utilities,43.97,45300269056.0,16.165442,1.7886863,1.5283282,0.0383,2.72,8354999808.0,25325999900.59744,29640406462.433918,2802290921.817603,1030254015.3741187,0.3298981221192734,0.11064877725722085,0.09454292681882748,0.6191364286,0.38086357140000004,0.06186035618450767,0.03600795675882748,0.1722428748451054,True,True,True,True,,0.06216283971697155,-0.02615488295814407,True
EXPE,Expedia Group,Consumer Discretionary,"Hotels, Resorts & Cruise Lines",308.06,36974002176.0,19.122284,2.355032,30.576675,0.0063,16.11,2889999872.0,15699999904.88452,1209222460.4539244,1933555719.8447056,120022080.68558073,0.18407642608334507,0.1231564160228527,1.5990074721199623,0.1204703892,0.8795296108,0.052295008274116206,1.4063744196199623,0.7833524830843865,True,True,True,True,,0.0664672462766477,1.3399071733433146,False
EXPD,Expeditors International,Industrials,Air Freight & Logistics,186.16,24199055360.0,27.097527,2.010556,11.424363,0.0086,6.87,1263714048.0,12036001663.221518,2118197343.6943488,893035616.2612807,129990628.27675119,0.10499450592978386,0.07419703330468413,0.4216016834303736,0.2330387322,0.7669612678,0.036903736639878615,0.32335216163037356,0.9228539014244296,True,True,True,True,,0.07339331851205462,0.24995884311831895,False
XOM,ExxonMobil,Energy,Integrated Oil & Gas,164.15,674970337280.0,21.126125,1.8694131,2.602251,0.025,7.77,67937001472.0,361060023212.6329,259379413161.91254,31949555410.695095,4111911893.268352,0.18815985460675339,0.08848821070362474,0.12317691957233047,0.528153125,0.471846875,0.04733475732061607,0.05812064457233047,0.8198648251542758,True,True,True,True,,0.06869935920572276,-0.010578714633392293,True
FFIV,"F5, Inc.",Information Technology,Communications Equipment,391.08,22145759232.0,31.186602,6.691912,5.763806,0.0,12.54,923304000.0,3309332105.9810705,3842211072.336578,710104890.992329,56627184.28965941,0.27900010347443843,0.21457649708499543,0.18481673636646914,0.0,1.0,0.032065051524369344,0.18481673636646914,0.7920848324181026,True,True,True,True,,0.07557072681403379,0.10924600955243535,True
FDS,FactSet,Financials,Financial Exchanges & Data,306.07,10885545984.0,20.162714,4.464109,5.388177,0.0152,15.18,932542016.0,2438458824.370104,2020265107.1039426,539884954.5434704,35565543.77756722,0.3824309054063653,0.22140417100663246,0.2672347085813943,0.30647325280000004,0.6935267472,0.04959649777306765,0.18533441818139432,0.6303431040766387,True,True,True,True,,0.06768157600211955,0.11765284217927477,True
FAST,Fastenal,Industrials,Trading Companies & Distributors,47.93,54999560192.0,40.965813,6.286095,13.516639,0.0197,1.17,1954700032.0,8749400095.289682,4069026345.3806825,1342572197.4679742,1147497604.6734822,0.22340960645431338,0.15344734300020865,0.3299492432873235,0.8070265160999999,0.19297348390000013,0.02441059817365275,0.06367145498732354,0.6422939068100357,True,True,True,True,,0.07901523082185626,-0.01534377583453271,True
FRT,Federal Realty Investment Trust,Real Estate,Retail REITs,117.94,10310118400.0,23.635273,7.720489,3.197506,0.0396,4.99,837700992.0,1335422976.446181,3224425036.262637,436217490.3849416,87418334.74648127,0.627292630705879,0.3266511794980499,0.13528534237789425,0.9359568108000001,0.06404318919999985,0.04230964457233052,0.00866410477789424,0.7310110005238343,True,True,True,True,,0.07096065994245127,-0.062296555164557024,True
FDX,FedEx,Industrials,Air Freight & Logistics,316.54,74915659776.0,17.517433,0.79091704,2.4005218,0.015,18.07,11843999744.0,94719997151.66081,31208073084.776817,4276634776.4968724,236670435.8880394,0.1250422307871905,0.045150284048777405,0.1370361627756761,0.262761495,0.737238505,0.057085989710935384,0.10102833577567609,0.8274045530116171,True,True,True,True,,0.06431130463007907,0.03671703114559702,True
FIS,Fidelity National Information Services,Financials,Transaction & Payment Processing Services,41.87,21592606720.0,6.431643,1.7698859,1.3471253,0.0431,6.51,3524000000.0,12199999288.0897,16028655033.054459,3357245515.81562,515705916.40792936,0.28885247587188956,0.27518407473131123,0.20945274792148758,0.2772038133,0.7227961867,0.15548126660637102,0.15139164749148756,0.1354642313546422,True,True,True,True,,0.020033430027133037,0.13135821746435453,True
FSLR,First Solar,Information Technology,Semiconductors,202.6,21773379584.0,12.31611,4.048548,2.1097355,0.0,16.45,2385900032.0,5378071245.295844,10320430965.872261,1767878056.0552812,107469790.64165844,0.4436348875234644,0.32871971668311945,0.17129885166663827,0.0,1.0,0.08119446805850224,0.17129885166663827,0.14214265004349078,True,True,True,True,,0.05346248937367399,0.11783636229296429,True
FE,FirstEnergy,Utilities,Electric Utilities,46.29,26785243136.0,24.754011,1.7130497,2.0707703,0.0403,1.87,5422000128.0,15635998848.136164,12934917569.563366,1082056700.4605749,578639946.7703608,0.3467639119611672,0.06920291507885074,0.08365392986211406,0.9975866433,0.00241335669999998,0.04039749356175046,0.00020188677211406138,0.36114044350580776,True,True,True,True,,0.07182112789721229,-0.07161924112509822,True
FTNT,Fortinet,Information Technology,Systems Software,154.54,113388101632.0,54.607773,15.063382,73.10312,0.0,2.83,2595800064.0,7527399997.689761,1551070619.5850463,2076409522.573832,733713612.2169018,0.3448468348695006,0.2758468426297399,1.3386944016193445,0.0,1.0,0.01831241131184749,1.3386944016193445,0.8071556707195535,True,True,True,True,,0.08175941490966862,1.256934986709676,False
FTV,Fortive,Industrials,Industrial Machinery & Supplies & Components,56.6,17094164480.0,30.106382,3.9608333,2.8260434,0.0049,1.88,1234599936.0,4315800031.271197,6048797580.391016,567792035.7314488,302017040.2826855,0.28606513903665615,0.13156124742049471,0.09386858241551575,0.1475212718,0.8524787282,0.03321554878297897,0.08002096975551576,0.5554314437308014,True,True,True,True,,0.07505300304765947,0.004967966707856292,True
FOXA,Fox Corporation (Class A),Communication Services,Broadcasting,67.52,28387936256.0,17.18066,1.6575929,2.4364016,0.0088,3.93,3881999872.0,17126000151.183079,11651583325.179232,1652319157.080569,420437444.5497631,0.226672885538415,0.09648015546504742,0.141810710415083,0.151189808,0.848810192,0.058204981647969285,0.120370376335083,0.6837789661319071,True,True,True,True,,0.06380775825841381,0.056562618076669194,True
BEN,Franklin Resources,Financials,Asset Management & Custody Banks,33.01,16771617792.0,22.45578,1.7987386,1.4272125,0.0399,1.47,1799100032.0,9324099561.770676,11751310888.88305,746873012.8518631,508076879.49106336,0.19295161104632663,0.08010135540745231,0.06355657652506393,0.895985622,0.10401437800000002,0.04453196459886942,0.006610797775063927,0.7844429795649306,True,True,True,True,,0.06996061593050876,-0.06334981815544483,True
FCX,Freeport-McMoRan,Materials,Copper,73.93,106164772864.0,35.54327,4.104097,5.279583,0.0083,2.08,9553999872.0,25867997969.833557,20108552676.22462,2986916374.369268,1436017487.6775327,0.3693366561703605,0.11546762829703773,0.1485395969476078,0.295009141,0.704990859,0.02813472142546254,0.1047190580476078,0.8600576624528723,True,True,True,True,,0.07733937535854185,0.027379682689065946,True
GRMN,Garmin,Consumer Discretionary,Consumer Electronics,276.04,53235019776.0,28.399178,6.9393797,5.8977866,0.0153,9.72,2311467008.0,7671437805.312772,9026270936.286505,1874526851.9878278,192852556.78887117,0.30130818585262054,0.24435143705260107,0.20767455311558666,0.4345074234,0.5654925766000001,0.03521228677815957,0.11743841813558667,0.7003369641877599,True,True,True,True,,0.07415447094982819,0.04328394718575848,True
GE,GE Aerospace,Industrials,Aerospace & Defense,329.5,341876834304.0,38.856133,6.7512555,19.381214,0.0057,8.48,11482999808.0,50639001042.69495,17639598546.510036,8798529756.898088,1037562471.3323216,0.22676197341093696,0.17375006567526557,0.49879420579500283,0.2214799581,0.7785200419,0.025735962968831717,0.3883212859950028,0.5052113733010923,True,True,True,True,,0.07841881666402573,0.3099024693309771,False
GEHC,GE HealthCare,Health Care,Health Care Equipment,70.56,31870980096.0,16.22069,1.4986824,2.9039426,0.002,4.35,3592999936.0,21266000118.504093,10975072336.484888,1964835082.4489794,451686225.8503401,0.16895513570855472,0.09239326020408163,0.17902706974857419,0.032441380000000006,0.96755862,0.0616496585533661,0.17321918454857418,0.38072211476466805,True,True,True,True,,0.06225765365098525,0.11096153089758894,True
GEV,GE Vernova,Industrials,Heavy Electrical Equipment,921.94,245543583744.0,26.44693,5.935736,20.535471,0.0022,34.86,3927000064.0,41366998758.7049,11957046602.145136,9284388712.189339,266333583.25270623,0.09493074629141755,0.22443950469661797,0.7764784419212363,0.058183246,0.941816754,0.03781157208038892,0.7313004057212362,0.5884526420138785,True,True,True,True,,0.07298479256382498,0.6583156131574113,False
GEN,Gen Digital,Information Technology,Systems Software,30.65,18346690560.0,17.514286,3.6122644,6.912494,0.0167,1.75,2409999872.0,5078999909.308965,2654134753.6793523,1047527193.4747145,598586967.6998369,0.47450283816364514,0.20624674388254485,0.3946774650134182,0.29248857619999996,0.7075114238,0.057096247029425014,0.2792388152134182,0.9526276831976314,True,True,True,True,,0.06430668883675875,0.21493212637665945,True
GNRC,Generac,Industrials,Electrical Components & Equipment,180.76,10665989120.0,41.554024,2.4029362,3.7064526,0.0,4.35,636244992.0,4438731714.974372,2877681241.627102,256677653.64018586,59006357.15866342,0.14333936648020043,0.05782680056428413,0.089195996998991,0.0,1.0,0.024065058055508657,0.089195996998991,0.28433556050482545,True,True,True,True,,0.0791707238750211,0.010025273123969905,True
GD,General Dynamics,Industrials,Aerospace & Defense,364.07,98501754880.0,22.19939,1.7954786,3.6663644,0.0172,16.4,6632999936.0,54861001896.65307,26866329729.799908,4437137858.192105,270557186.4751284,0.12090555598119077,0.08087963589419617,0.16515608762222744,0.38182950800000004,0.618170492,0.04504628280326621,0.10209461994222745,0.614609031427652,True,True,True,True,,0.0697291727385302,0.032365447203697245,True
GM,General Motors,Consumer Discretionary,Automobile Manufacturers,84.87,76760801280.0,38.22973,0.41374242,1.2004923,0.0084,2.22,16462000128.0,185527994156.36423,63941102562.67366,2007882394.740191,904451529.1622481,0.08873054550530912,0.010822530604453873,0.03140206064756408,0.321129732,0.678870268,0.02615765269595155,0.02131792532756408,0.8139658848614075,True,True,True,True,,0.0782290562868218,-0.05691113095925771,True
GPN,Global Payments,Financials,Transaction & Payment Processing Services,92.81,24559230976.0,43.985783,2.4061766,1.0674686,0.0111,2.11,4482187776.0,10206744997.85261,23006982103.267487,558344761.979959,264618370.60661566,0.4391397822658452,0.05470350852278849,0.024268491480531337,0.4882421913,0.5117578087,0.02273461859255751,0.012419590020531335,0.9115783410138251,True,True,True,True,,0.07976942163334912,-0.06734983161281778,True
GL,Globe Life,Financials,Life & Health Insurance,173.34,13321082880.0,11.525266,2.1513522,2.1697333,0.0077,15.04,1680269056.0,6191958192.619508,6139502435.621927,1155815660.0623052,76849445.48286605,0.27136311385351297,0.18666399612322598,0.1882588479953521,0.08874454820000001,0.9112554518,0.08676589329912211,0.1715519015853521,0.7141287284144426,True,True,True,True,,0.050955348015395044,0.12059655356995706,True
HAL,Halliburton,Energy,Oil & Gas Equipment & Services,37.63,31350695936.0,19.297436,1.4012737,2.8505416,0.0185,1.95,4139000064.0,22372999604.57404,10998154152.880981,1624604227.3505182,833130373.0002657,0.18499978264665967,0.07261450212596332,0.14771608000150901,0.357002566,0.642997434,0.05182035582343685,0.09498106040150901,0.7314105452906715,True,True,True,True,,0.06668083987945342,0.028300220522055594,True
HIG,Hartford (The),Financials,Property & Casualty Insurance,137.21,37166350336.0,9.475829,1.267827,1.931148,0.0175,14.48,5585999872.0,29315001444.20335,19245728621.524605,3922226899.3898406,270872023.4385249,0.19055089874827746,0.1337958965090008,0.20379726143221877,0.1658270075,0.8341729925,0.10553166377316434,0.17000217143221877,0.6557886557886563,True,True,True,True,,0.042510751302076044,0.12749142013014272,True
HAS,Hasbro,Consumer Discretionary,Leisure Products,93.5,13187657728.0,16.63701,2.651745,18.729967,0.03,5.62,1300199936.0,4973199809.182256,704094018.3183452,792669908.3567915,141044467.67914438,0.2614413226670239,0.1593883090909091,1.125801270781228,0.4991103,0.5008897,0.06010695431450724,0.5639022607812281,0.6403415154749199,True,True,True,True,,0.06295187055847173,0.5009503902227563,False
HSIC,Henry Schein,Health Care,Health Care Distributors,90.39,10073653248.0,26.35277,0.7406009,3.2042966,0.0,3.43,1080000000.0,13601999738.320599,3143795505.0727825,382261651.0746764,111446545.5028211,0.07940008974984325,0.02810334204004868,0.12159240186136032,0.0,1.0,0.03794667505541163,0.12159240186136032,0.9407872973867017,True,True,True,True,,0.07292399622506476,0.048668405636295556,True
HSY,Hershey Company (The),Consumer Staples,Packaged Foods & Meats,177.43,35650240512.0,24.239069,2.9308205,7.8132014,0.033,7.32,2721615872.0,12163911270.581055,4562821139.104388,1470775858.354506,200925663.70963195,0.22374512699565194,0.12091307028123767,0.32233917069999674,0.799889277,0.200110723,0.041255709944965295,0.06450352449999676,0.2049967969250481,True,True,True,True,,0.07143493052476561,-0.006931406024768855,True
HPE,Hewlett Packard Enterprise,Information Technology,"Technology Hardware, Storage & Peripherals",51.83,68633468928.0,48.43925,1.7691776,2.7117667,0.0112,1.07,5631000064.0,38793996107.569984,25309503552.794567,1416897776.4414434,1324203529.3845265,0.14515132827219124,0.03652363557785067,0.05598283829745506,0.5425196,0.4574804,0.020644415427571648,0.02561105125745506,0.7203332582751633,True,True,True,True,,0.08071001305759276,-0.0550989618001377,True
HD,Home Depot (The),Consumer Discretionary,Home Improvement Retail,318.51,317774135296.0,22.289015,1.8783641,19.12973,0.0291,14.29,24647999488.0,169176005491.16116,16611532692.620337,14256985317.19519,997689665.3040721,0.14569441698567454,0.08427309343191737,0.8582582047703767,0.6486103365,0.3513896635,0.04486514994045273,0.3015830617703768,0.2136578278241916,True,True,True,True,,0.06981068252679627,0.23177237924358052,False
HON,Honeywell,Industrials,Industrial Conglomerates,206.07,65311830016.0,7.9196773,1.716158,3.5233471,0.0133,26.02,8512000000.0,38057002919.31162,18536870811.280556,8246779332.344933,316940020.45906734,0.22366448608806963,0.21669544892512257,0.44488518490519813,0.10533170808999999,0.89466829191,0.12626777103658,0.39802466847519813,0.15838067068217151,True,True,True,True,,0.033179503033539,0.3648451654416591,False
HST,Host Hotels & Resorts,Real Estate,Hotel & Resort REITs,22.11,15360402432.0,14.838926,2.463972,2.3707914,0.037,1.49,1695000064.0,6234000399.355187,6479018960.504075,1035142452.450475,694726478.1546812,0.27189604674637524,0.1660478643147897,0.15976839563725836,0.549040262,0.450959738,0.06739032191413313,0.07204911383725837,0.6435643564356435,True,True,True,True,,0.059674355138640084,0.012374758698618288,True
HWM,Howmet Aerospace,Industrials,Aerospace & Defense,252.96,100880809984.0,54.517246,11.065132,17.652477,0.0022,4.64,2793999872.0,9117000139.175926,5714824609.826712,1850438639.8077164,398801430.99304235,0.3064604397661604,0.20296573561037318,0.3237961983626246,0.11993794120000001,0.8800620588,0.01834281944469462,0.2849607489626246,0.5854349880078494,True,True,True,True,,0.08174573124988742,0.20321501771273714,True
HUBB,Hubbell Incorporated,Industrials,Industrial Machinery & Supplies & Components,450.08,23778883584.0,26.243732,3.8207603,6.07863,0.0128,17.15,1515500032.0,6223599942.660627,3911882049.7381806,906078593.7291148,52832571.06292215,0.2435085876281621,0.14558753809322786,0.23162216410379438,0.33591976960000003,0.6640802304,0.03810433668504159,0.1538157001037944,0.28612090927814765,True,True,True,True,,0.07285304849173128,0.0809626516120631,True
HUM,Humana,Health Care,Managed Health Care,400.97,48148598784.0,37.898865,0.33051157,2.5060468,0.009,10.58,3596000000.0,145679011430.67398,19212968721.892982,1270449597.5627103,120080302.22709927,0.024684406934702956,0.008720882885502655,0.06612458710834744,0.341089785,0.658910215,0.026386014462438385,0.04357016590834744,0.8949843849945442,True,True,True,True,,0.07812629349190273,-0.034556127583555286,True
HII,Huntington Ingalls Industries,Industrials,Aerospace & Defense,288.72,11376896000.0,17.424261,0.8628666,2.1417127,0.0189,16.57,1170000000.0,13184999859.769749,5312055160.339667,652934215.5721805,39404599.6120809,0.08873720230896019,0.04952098767664172,0.12291555435263508,0.3293185329,0.6706814671,0.057391243163770325,0.08243718432263508,0.12781342295549455,True,True,True,True,,0.06417394057630335,0.01826324374633173,True
IBM,IBM,Information Technology,IT Consulting & Other Services,231.7,218292535296.0,20.540781,3.1593103,6.3361406,0.0292,11.28,16472999936.0,69094996871.94385,34451971488.1327,10627275779.623997,942134377.6262408,0.23841089343313787,0.15380673363832545,0.30846639180856855,0.5997908051999999,0.40020919480000006,0.048683640607433576,0.12345108628856856,0.2439408719141592,True,True,True,True,,0.0680923617266549,0.055358724561913666,True
IEX,IDEX Corporation,Industrials,Industrial Machinery & Supplies & Components,224.61,16558225408.0,32.317986,4.6183653,4.1470037,0.0131,6.95,967699968.0,3585300064.5055084,3992816646.8720536,512353263.8155024,73719894.074173,0.26990766479498757,0.14290387264591958,0.12831875414513763,0.4233656166,0.5766343834000001,0.03094252222276475,0.07399300567513764,0.7758439434645485,True,True,True,True,,0.07607586499975585,-0.0020828593246182137,True
IDXX,Idexx Laboratories,Health Care,Health Care Equipment,538.99,42462236672.0,37.87702,9.325753,26.362925,0.0,14.23,1621684992.0,4553223388.181093,1610680024.0109928,1121055358.8054695,78781121.49019462,0.35616196565480296,0.24621136791035086,0.6960137043516095,0.0,1.0,0.026401232198309157,0.6960137043516095,0.08129499264208746,True,True,True,True,,0.07811944551076087,0.6178942588408486,False
ITW,Illinois Tool Works,Industrials,Industrial Machinery & Supplies & Components,269.09,76636831744.0,24.374094,4.653399,26.629393,0.0255,11.04,4806000128.0,16469000776.421707,2877903816.433217,3144191989.4970455,284799999.04864544,0.29182099103915526,0.19091577152625516,1.0925285263936375,0.6215393969999999,0.37846060300000006,0.041027165973840915,0.41347900489363754,0.4704693814112522,True,True,True,True,,0.07153777531177158,0.34194122958186596,False
INCY,Incyte,Health Care,Biotechnology,128.83,26113550336.0,15.924598,4.4872265,4.0810313,0.0,8.09,1942312960.0,5819530245.687397,6398762571.607819,1639824747.4830394,202697743.8174338,0.3337576879919757,0.2817795729643716,0.2562721708893374,0.0,1.0,0.06279593368699166,0.2562721708893374,0.926810328091633,True,True,True,True,,0.061741829840853746,0.19453034104848366,True
IR,Ingersoll Rand,Industrials,Industrial Machinery & Supplies & Components,75.0,29099956224.0,30.991735,3.663967,2.8592124,0.0011,2.42,2014700032.0,7942199322.2100525,10177612626.470142,938958587.4943999,387999416.32,0.2536702933614332,0.11822400186666665,0.09225725503912577,0.0340909085,0.9659090915,0.032266667225955566,0.08911212139912578,0.21070234113712394,True,True,True,True,,0.07547999974832,0.013632121650805781,True
PODD,Insulet Corporation,Health Care,Health Care Equipment,148.14,10274130944.0,27.793621,3.3648164,7.2238746,0.0,5.33,614899968.0,3053400162.9331098,1422246579.9724708,369657877.22100717,69354198.35290942,0.20138204466764825,0.12106434056973134,0.2599112436627095,0.0,1.0,0.03597947888833916,0.2599112436627095,0.09515056022408956,True,True,True,True,,0.07380923450024737,0.18610200916246214,True
ICE,Intercontinental Exchange,Financials,Financial Exchanges & Data,157.85,88616124416.0,22.517832,8.393268,3.030856,0.013,7.01,6713999872.0,10558000103.892786,29237985709.647705,3935375560.0643644,561394516.4143174,0.6359158747805388,0.37273873094710164,0.13459803767964873,0.292731816,0.707268184,0.044409248634593244,0.09519690967964874,0.6580291970802918,True,True,True,True,,0.07001583811443304,0.025181071565215693,True
INTU,Intuit,Information Technology,Application Software,342.94,93806780416.0,20.847416,4.3736844,4.911492,0.016,16.45,6848999936.0,21447999406.632996,19099446851.58807,4499683728.474952,273537004.7705138,0.31933047955427873,0.2097950323088587,0.235592363101499,0.333558656,0.666441344,0.047967575453955545,0.157008491101499,0.1992304970811958,True,True,True,True,,0.06841459104572001,0.088593900055779,True
ISRG,Intuitive Surgical,Health Care,Health Care Equipment,371.88,133236441088.0,42.69575,12.074643,7.243757,0.0,8.71,4180800000.0,11034400030.543346,18393278665.753147,3120601812.0804563,358278049.60740024,0.37888784061004654,0.2828066594869313,0.1696599076020447,0.0,1.0,0.023421534930291657,0.1696599076020447,0.15731357378954633,True,True,True,True,,0.07946030928136875,0.09019959832067594,True
IQV,IQVIA,Health Care,Life Sciences Tools & Services,263.84,43428065280.0,32.136417,2.5571492,7.037422,0.0,8.21,3048000000.0,16983000162.837585,6171019057.8311205,1351366039.8302002,164600004.8514251,0.17947358951745593,0.07957169091873863,0.21898589379145783,0.0,1.0,0.031117345782512094,0.21898589379145783,0.9799247176913425,True,True,True,True,,0.07599719439786956,0.14298869939358827,True
JBHT,J.B. Hunt,Industrials,Cargo Ground Transportation,260.22,24438544384.0,37.015648,1.9240963,6.682417,0.007,7.03,1673964032.0,12701310419.857883,3657141478.001148,660221993.0040735,93914934.99346706,0.13179459257863962,0.05198062020213665,0.18052951551732932,0.259109536,0.740890464,0.0270156016179968,0.13375259651732932,0.7669181796746053,True,True,True,True,,0.07784297927190144,0.05590961724542788,True
JBL,Jabil,Information Technology,Electronic Manufacturing Services,299.39,31372208128.0,37.470592,0.9339746,23.721577,0.0011,7.99,2396999936.0,33590001406.89051,1322517812.7069714,837248882.5368917,104787094.18484251,0.0713605190712582,0.024925538775510202,0.6330718500524357,0.041217651200000004,0.9587823488,0.026687595434841272,0.6069781153524357,0.4587389796515271,True,True,True,True,,0.07799058205432143,0.5289875332981143,False
JKHY,Jack Henry & Associates,Financials,Transaction & Payment Processing Services,167.03,11710908416.0,23.9298,4.602731,5.5715666,0.0145,6.98,702214016.0,2544339092.595244,2101905847.450518,489385983.01909834,70112605.0170628,0.2759907348999369,0.19234306639525833,0.2328296350157544,0.3469821,0.6530179,0.04178889919681736,0.15204191931575442,0.6356599861783,True,True,True,True,,0.07119499536143219,0.08084692395432223,True
J,Jacobs Solutions,Industrials,Construction & Engineering,147.08,17214038016.0,48.86379,1.2106179,5.277359,0.0098,3.01,1056488000.0,14219216497.624891,3261866023.5166874,352286200.89855856,117038604.94968724,0.07430001506598276,0.024775359525428333,0.10800142600481868,0.478865142,0.5211348579999999,0.020465051933139036,0.05628330780481868,0.6596558317399619,True,True,True,True,,0.08079072663008743,-0.024507418825268752,True
JNJ,Johnson & Johnson,Health Care,Pharmaceuticals,275.21,663228121088.0,31.926914,6.77254,7.7998524,0.0198,8.62,34872000512.0,97929007593.60594,85030855338.74974,20773323657.492676,2409898336.1360416,0.3560946993021186,0.21212635732713198,0.24430336110781017,0.6321528972,0.3678471028,0.031321536431613776,0.08986628358781017,0.9456098013736772,True,True,True,True,,0.0759053086057738,0.01396097498203637,True
JCI,Johnson Controls,Industrials,Building Products,139.25,84349493248.0,39.225353,3.3746545,6.2564588,0.0115,3.55,4325000192.0,24995001191.38122,13481986526.94716,2150382054.0782766,605741423.6840216,0.17303460635526383,0.08603248456014363,0.1595003823165084,0.45109155949999996,0.5489084405,0.025493715760824383,0.0875511061165084,0.6641523665849519,True,True,True,True,,0.07852782790762902,0.009023278208879382,True
KDP,Keurig Dr Pepper,Consumer Staples,Soft Drinks & Non-alcoholic Beverages,32.59,44349317120.0,32.267326,2.207532,1.771677,0.0288,1.01,4807000064.0,20089999655.72413,25032394234.389225,1374434191.1997545,1360825931.880945,0.239273277569737,0.06841384841976067,0.0549062230939124,0.9292989887999998,0.07070101120000016,0.030991102268592075,0.0038819254939124084,0.8624161073825507,True,True,True,True,,0.07605400397913356,-0.07217207848522116,True
KEYS,Keysight Technologies,Information Technology,Electronic Equipment & Instruments,321.58,54765072384.0,43.281292,8.32043,8.334327,0.0,7.43,1788000000.0,6582000255.275269,6571025157.040275,1265328962.6628523,170299994.97481188,0.2716499438855192,0.1922407951365135,0.1925618810085429,0.0,1.0,0.023104670720088486,0.1925618810085429,0.7530542667215608,True,True,True,True,,0.07960289817596018,0.11295898283258272,True
KMI,Kinder Morgan,Energy,Oil & Gas Storage & Transportation,31.97,71190863872.0,20.75974,3.9640772,2.2487164,0.0368,1.54,7634999808.0,17959000362.556007,31658444734.0714,3429275269.4050674,2226802122.9903035,0.4251350105164401,0.19095023109164844,0.10832102906876484,0.763958432,0.23604156799999998,0.04817016012724629,0.025568265548764832,0.6916395222584144,True,True,True,True,,0.06832342794273916,-0.042755162393974325,True
KLAC,KLA Corporation,Information Technology,Semiconductor Materials & Equipment,172.26,225065746432.0,46.682926,16.573963,35.459038,0.0054,3.69,6054757888.0,13579476823.497192,6347203960.581221,4821157577.69697,1306546769.023569,0.44587563767723176,0.35503264524555905,0.7595718828764075,0.2520878004,0.7479121996,0.021421108008525428,0.5680930776764075,0.3953998299548037,True,True,True,True,,0.08036050139616355,0.4877325762802439,False
KR,Kroger,Consumer Staples,Food Retail,58.22,35668324352.0,33.84884,0.23995642,6.2926936,0.0249,1.72,8080000000.0,148645009589.658,5668212472.954349,1053753313.0443146,612647275.0257643,0.054357694363942964,0.0070890594709721744,0.18590573857183879,0.842836116,0.15716388400000003,0.02954310989682364,0.029217667931838803,0.18145341061078912,True,True,True,True,,0.07670560054642936,-0.047487932614590556,True
LHX,L3Harris,Industrials,Aerospace & Defense,261.31,48659742720.0,26.582909,3.784983,2.542396,0.019,9.83,2146000000.0,12856000336.064919,19139324762.940155,1830489728.4359574,186214621.40752363,0.16692594460968,0.1423840759634151,0.09564024764934492,0.505075271,0.49492472899999995,0.0376181553343165,0.04733472364934492,0.022951362996105576,True,True,True,True,,0.07307183009955757,-0.025737106450212655,True
LH,LabCorp,Health Care,Health Care Services,331.66,26897627136.0,27.432589,1.8746604,3.117457,0.0088,12.09,2319800064.0,14347999848.932638,8628066765.956997,980499041.4106011,81100003.42519447,0.16168107669533968,0.06833698436953506,0.11364064106380918,0.2414067832,0.7585932168,0.03645299391902091,0.08620701946380918,0.8957648026315791,True,True,True,True,,0.07359615273644059,0.012610866727368594,True
LRCX,Lam Research,Information Technology,Semiconductor Materials & Equipment,288.32,360780857344.0,50.14261,15.529017,28.927462,0.0045,5.75,8641328128.0,23232691247.874866,12471915349.642496,7195095483.240845,1251320953.6071033,0.3719469275342966,0.3096970302094895,0.5769037949959126,0.22564174499999998,0.774358255,0.01994311823816112,0.4467302159959126,0.5609542185581476,True,True,True,True,,0.08102559679282749,0.3657046192030851,False
LW,Lamb Weston,Consumer Staples,Packaged Foods & Meats,52.41,7205492224.0,25.318842,1.0897105,3.9477253,0.0289,2.07,1104300032.0,6612299527.259763,1825226345.9162166,284590133.63251287,137483156.34420913,0.1670069583882929,0.043039510303377215,0.15592045244407307,0.7317145338,0.26828546620000004,0.039496277120414904,0.04183119127407308,0.502207130730051,True,True,True,True,,0.0722266752958133,-0.030395484021740214,True
LVS,Las Vegas Sands,Consumer Discretionary,Casinos & Gaming,44.54,28848611328.0,17.000002,2.1028218,49.654404,0.0274,2.62,4639000064.0,13718999550.033197,580987968.9221524,1696977136.9411767,647701197.3057926,0.338144195360716,0.12369540000000002,2.920846950488594,0.4658000548,0.5341999452,0.0588235224913503,1.5603162808885942,0.04355850867478773,True,True,True,True,,0.06352941487889235,1.496786866009702,False
LDOS,Leidos,Industrials,Diversified Support Services,133.78,16788347904.0,12.479477,0.9520442,3.1772194,0.0124,10.72,2382000128.0,17634000505.438717,5283975007.83232,1345276495.2226043,125492210.37524293,0.13507996255672888,0.07628878624607566,0.2545955571695833,0.15474551479999998,0.8452544852,0.08013156320573371,0.2151980366095833,0.3266298755962959,True,True,True,True,,0.053940796557419825,0.1612572400521635,True
LEN,Lennar,Consumer Discretionary,Homebuilding,83.58,20134014976.0,13.100313,0.6150188,0.9312431,0.0242,6.38,2285495040.0,32737234985.337036,21620578961.605194,1536910930.209141,240895130.12682462,0.06981331932961565,0.046946876573342906,0.07108556108544888,0.3170275746,0.6829724254,0.07633405400313718,0.048549478065448876,0.05822077317186771,True,True,True,True,,0.055649675698588266,-0.007100197633139391,True
LLY,Lilly (Eli),Health Care,Pharmaceuticals,1160.08,1034491265024.0,38.9158,12.985354,30.526814,0.006,29.81,41706999808.0,79666004101.54395,33887953882.904385,26582808608.342045,891741315.2748086,0.5235231800359836,0.3336781969691745,0.7844323899290263,0.2334948,0.7665052,0.025696503733701994,0.6012715059290263,0.7716672407853942,True,True,True,True,,0.0784365733198341,0.5228349326091922,False
LIN,Linde plc,Materials,Industrial Gases,487.45,224704790528.0,31.448387,6.338819,5.749723,0.0131,15.5,13822000128.0,35448999336.94273,39080976688.44221,7145192846.823264,460980183.66601706,0.38991227923310023,0.20156261052415633,0.18283045804543172,0.4119738697,0.5880261303000001,0.031798133239711146,0.10750908674543172,0.6213065702530854,True,True,True,True,,0.07569084004212998,0.031818246703301745,True
LKQ,LKQ Corporation,Consumer Discretionary,Distributors,24.73,6256741376.0,13.738889,0.45709682,0.9720148,0.0486,1.8,1403000064.0,13688000227.172876,6436878714.192418,455403739.458148,253002077.47674888,0.10249854184067149,0.033270290173877885,0.07074915591792029,0.6677100054,0.33228999459999997,0.07278608918086463,0.02350923663792029,0.2230576441102756,True,True,True,True,,0.05724625986861091,-0.033737023230690624,True
LMT,Lockheed Martin,Industrials,Aerospace & Defense,531.55,122676822016.0,20.081224,1.5929159,13.943392,0.0253,26.47,9680000000.0,77013998049.74011,8798205057.707623,6109031095.406867,230790747.8431004,0.12569143590945758,0.07932364570219169,0.6943497069700533,0.5080549672,0.4919450328,0.049797761331679784,0.34158188937005324,0.3701668302257113,True,True,True,True,,0.06759100740074409,0.27399088196930915,False
L,Loews Corporation,Financials,Multi-line Insurance,108.94,22270355456.0,13.334149,1.1913103,1.1649095,0.0023,8.17,3236999936.0,18694000594.135715,19117670047.329857,1670174445.341656,204427716.6880852,0.17315715379914146,0.08934280476409033,0.08736286807654542,0.0306685427,0.9693314573,0.07499541215566138,0.08468357622654542,0.5341566962562716,True,True,True,True,,0.05625206452995237,0.028431511696593047,True
LULU,Lululemon Athletica,Consumer Discretionary,"Apparel, Accessories & Luxury Goods",120.07,13634418688.0,9.552109,1.2169738,2.8470821,0.0,12.57,2565969920.0,11203543320.324562,4788909560.423284,1427372723.4793038,113553915.94902974,0.22903199877355096,0.12740368673273925,0.29805795767196547,0.0,1.0,0.1046889226243126,0.29805795767196547,0.12859963797926605,True,True,True,True,,0.042889984819059326,0.25516797285290616,True
MPC,Marathon Petroleum,Energy,Oil & Gas Refining & Marketing,387.0,108679184384.0,13.280714,0.7050406,5.740988,0.0104,29.14,15397000192.0,154145994406.56326,18930397413.128193,8183233676.872765,280824765.8501292,0.09988582740197642,0.05308755318863049,0.43228007168891674,0.13811942559999998,0.8618805744,0.07529715646312389,0.37257379648891675,0.978522672927264,True,True,True,True,,0.056116279591594244,0.3164575168973225,False
MKTX,MarketAxess,Financials,Financial Exchanges & Data,162.83,5730458624.0,19.247046,6.5865445,4.625195,0.0192,8.46,434956000.0,870025037.2558783,1238965843.3860626,297731867.34041643,35192892.12061659,0.49993503792934807,0.3422106888779709,0.24030674629239207,0.36954328319999996,0.6304567168,0.05195602483622681,0.15150300229239208,0.6200412749369412,True,True,True,True,,0.06661978882369793,0.08488321346869415,True
MLM,Martin Marietta Materials,Materials,Construction Materials,517.07,36721991680.0,33.575974,5.4907284,2.689291,0.0067,15.4,2126000000.0,6688000025.643228,13654897026.762817,1093698477.714816,71019381.66979325,0.31788277390078645,0.16353147032316706,0.0800956958091521,0.22495902580000002,0.7750409742,0.029783201523803895,0.0620774461091521,0.06962237896454126,True,True,True,True,,0.07659755931428824,-0.014520113205136145,True
MA,Mastercard,Financials,Transaction & Payment Processing Services,588.14,515216474112.0,32.33315,14.685644,91.95435,0.006,18.19,22200999936.0,35083001747.28463,5602959230.444237,15934620437.476248,876009919.5973748,0.632813580089917,0.4541977494474105,2.843965094647444,0.19399890000000003,0.8060011,0.030928010416553905,2.292238994647444,0.9016776075857037,True,True,True,True,,0.07608239531255073,2.2161565993348935,False
MKC,McCormick & Company,Consumer Staples,Packaged Foods & Meats,53.8,14464212992.0,8.951747,1.9583813,2.0676403,0.0354,6.01,1451500032.0,7385800197.336443,6995517059.71295,1615797771.039405,268851542.6022305,0.19652576474021835,0.2187708478252788,0.23097617705236756,0.31689184379999996,0.6831081562000001,0.11171003827521042,0.15778171043236758,0.32548024646611085,True,True,True,True,,0.039730482776155304,0.11805122765621227,True
MDT,Medtronic,Health Care,Health Care Equipment,92.18,117988630528.0,24.713137,3.244655,2.3857343,0.0318,3.73,10103000064.0,36363998800.48881,49455897300.88551,4774328399.538294,1279980804.1657624,0.27782973262732025,0.13129272239097414,0.0965370887556687,0.7858777566,0.21412224339999997,0.040464308517368715,0.020670738015668693,0.571471835251363,True,True,True,True,,0.07179106116718408,-0.05112032315151538,True
META,Meta Platforms,Communication Services,Interactive Media & Services,592.85,1510288916480.0,22.329567,6.616906,5.782774,0.0036,26.55,109654999040.0,228246995873.90237,261170316612.7537,67636283600.47905,2547505973.6526947,0.4804225291998154,0.2963293485704648,0.2589738529188676,0.0803864412,0.9196135588,0.04478367180160726,0.23815586651886758,0.2683152214090339,True,True,True,True,,0.06984734768927672,0.16830851882959086,True
MET,MetLife,Financials,Life & Health Insurance,96.42,61272682496.0,18.471264,0.77171564,2.2408664,0.0251,5.22,6040000000.0,79398005327.45454,27343300116.41926,3317189407.064094,635476897.9049989,0.07607244004543608,0.04177925369010579,0.12131635387811032,0.4636287264,0.5363712735999999,0.05413814669098985,0.06507060723811033,0.8657738095238094,True,True,True,True,,0.06563783398905457,-0.0005672267509442414,True
MGM,MGM Resorts,Consumer Discretionary,Casinos & Gaming,41.44,10602474496.0,25.11515,0.5969377,4.147318,0.0,1.65,2237483008.0,17761442267.76094,2556465285.758169,422154510.5791506,255851218.53281856,0.12597417339588965,0.02376803100868726,0.16513212144860773,0.0,1.0,0.03981660471866583,0.16513212144860773,0.5468749999999998,True,True,True,True,,0.07208252787660037,0.09304959357200736,True
MU,Micron Technology,Information Technology,Semiconductors,956.08,1079790206976.0,21.096205,11.961254,10.716584,0.0006,45.32,68222001152.0,90273996938.44809,100758805882.17291,51184097753.4854,1129393154.3134465,0.7557215085814368,0.5669860589908794,0.5079863416192627,0.012657723,0.987342277,0.04740189052959999,0.5015563912192627,0.7372593829656324,True,True,True,True,,0.06866914926168,0.43288724195758266,False
MSFT,Microsoft,Information Technology,Systems Software,496.82,3689159589888.0,27.693422,11.117317,8.340804,0.0073,17.94,194237005824.0,331839021041.4977,442302635320.0483,133214288962.98605,7425545650.110704,0.5853350374961176,0.40144250831286993,0.30118358070736073,0.2021619806,0.7978380194,0.03610965809859106,0.24029571150736073,0.7217876002346958,True,True,True,True,,0.07375065385563402,0.16654505765172672,True
MHK,Mohawk Industries,Consumer Discretionary,Home Furnishings,129.22,8753123328.0,17.115232,0.78309506,0.91535676,0.0,7.55,1504199936.0,11177599981.284521,9562526558.497257,511423008.2525925,67738146.78842285,0.13457271136188384,0.045754277224887785,0.05348199545293923,0.0,1.0,0.05842748728150457,0.05348199545293923,0.7225767850019945,True,True,True,True,,0.06370763072332294,-0.010225635270383712,True
MOH,Molina Healthcare,Health Care,Managed Health Care,202.62,10576763904.0,1266.375,0.2490467,2.526056,0.0,0.16,390000000.0,42468998400.70155,4187066281.9826636,8351999.924193071,52199999.526206695,0.009183169245487963,0.00019666109959530156,0.0019947140459974336,0.0,1.0,0.0007896555127825486,0.0019947140459974336,0.6586449164176695,True,True,True,True,,0.08964465501924784,-0.0876499409732504,False
MDLZ,Mondelez International,Consumer Staples,Packaged Foods & Meats,62.45,79705440256.0,22.875458,2.0089588,3.001971,0.0338,2.73,6080000000.0,39674999933.29878,26551036054.64543,3484321087.2518816,1276308090.5684547,0.1532451168297829,0.0878215776461169,0.13123107742804538,0.7731904803999998,0.22680951960000018,0.04371497173958222,0.029764457628045398,0.7281553398058251,True,True,True,True,,0.07032826271718799,-0.04056380508914259,True
MPWR,Monolithic Power Systems,Information Technology,Semiconductors,1219.36,59923009536.0,74.62424,18.3074,15.382559,0.0065,16.34,1000281984.0,3273157823.393819,3895516314.0281143,802996634.1508989,49143000.866028085,0.30560151326978907,0.24532780803044224,0.20613354320258404,0.48505756,0.51494244,0.01340047148218863,0.10614690970258404,0.45306505997457297,True,True,True,True,,0.08396978783301512,0.022177121869568925,True
MNST,Monster Beverage,Consumer Staples,Soft Drinks & Non-alcoholic Beverages,44.42,87021076480.0,41.129627,9.439363,9.292886,0.0,1.08,2933317120.0,9218956457.125338,9364268159.53623,2115775835.1733453,1959051699.2345788,0.3181832058370161,0.2295027474110761,0.22594141201426407,0.0,1.0,0.024313373909274693,0.22594141201426407,0.6995035275672851,True,True,True,True,,0.07905898174082639,0.14688243027343767,True
MCO,Moody's Corporation,Financials,Financial Exchanges & Data,490.0,84858683392.0,31.051966,10.399348,28.052902,0.0083,15.78,4052999936.0,8160000356.945455,3024952049.2389703,2732795967.1954284,173180986.5142857,0.49669114690053345,0.33490145191836734,0.9034179027505054,0.2577313178,0.7422686822,0.03220408008948612,0.6705788161505054,0.6066390041493777,True,True,True,True,,0.07550816395973124,0.5950706521907742,False
MSI,Motorola Solutions,Information Technology,Communications Equipment,478.92,79258288128.0,37.799526,6.476938,29.663673,0.0099,12.67,3758000128.0,12236999663.729992,2671897311.165748,2096806378.0626407,165493794.63793534,0.30710143264435735,0.17134971281216066,0.7847630946483297,0.37421530740000003,0.6257846925999999,0.026455358196819715,0.49109273194832964,0.8824267473614289,True,True,True,True,,0.07809508881143112,0.4129976431368985,False
NDAQ,"Nasdaq, Inc.",Financials,Financial Exchanges & Data,95.72,53505310720.0,27.906706,9.530693,4.487366,0.0119,3.43,3352999936.0,5614000022.873468,11923545064.07545,1917292266.7112412,558977337.233598,0.5972568440218498,0.3415198181153364,0.16079884168342906,0.3320898014,0.6679101986,0.03583368097976164,0.10739918628342907,0.7595087163232962,True,True,True,True,,0.07387484355910726,0.03352434272432181,True
NTAP,NetApp,Information Technology,"Technology Hardware, Storage & Peripherals",180.77,35473268736.0,28.830942,5.1224937,26.225157,0.0114,6.27,1884000000.0,6924999973.352822,1352642759.621992,1230388864.1628587,196234268.60651657,0.27205776277972155,0.17767348287326434,0.909618457836029,0.32867273880000003,0.6713272612,0.03468495757093195,0.610651668036029,0.7547889399323915,True,True,True,True,,0.07439176909308062,0.5362598989429483,False
NFLX,Netflix,Communication Services,Movies & Entertainment,82.73,344482742272.0,26.015724,7.1217136,11.425218,0.0,3.18,14726931456.0,48370766029.119736,30151087031.512222,13241328664.631453,4163939831.6451106,0.30445933907960493,0.27374651575003023,0.43916586753457254,0.0,1.0,0.03843829216515366,0.43916586753457254,0.2863865000811294,True,True,True,True,,0.07270276852568085,0.3664630990088917,False
NEM,Newmont,Materials,Gold,125.16,131880132608.0,15.451852,5.1181793,3.7608175,0.0085,8.1,17057999872.0,25767001286.57079,35066879104.87547,8534907910.872482,1053692334.6756152,0.6620095090727638,0.33123403906999044,0.24338943318897954,0.131340742,0.868659258,0.06471716141210775,0.21142248443897954,0.8362166531932095,True,True,True,True,,0.06087727736455151,0.15054520707442803,True
NWSA,News Corp (Class A),Communication Services,Publishing,30.65,16457078784.0,29.757282,1.8228931,1.953598,0.0065,1.03,1338000000.0,9027999932.634558,8423984250.598127,553043756.8522024,536935686.2642741,0.14820558373769768,0.06125872407830344,0.06565109004243062,0.193422333,0.806577667,0.03360521972403259,0.052952703042430625,0.8932346723044395,True,True,True,True,,0.07487765112418533,-0.021924948081754707,True
NEE,NextEra Energy,Utilities,Multi-Utilities,83.1,173344784384.0,18.674158,6.039888,3.0341754,0.0301,4.45,14593000448.0,28699999798.67176,57130772460.94606,9282602773.872444,2085978151.4320097,0.5084669181313153,0.32343563898916977,0.1624799040470794,0.5620921557999999,0.43790784420000006,0.053549937833877174,0.0711512245070794,0.46967129786513034,True,True,True,True,,0.06590252797475527,0.00524869653232414,True
NKE,"Nike, Inc.",Consumer Discretionary,"Apparel, Accessories & Luxury Goods",38.24,56728993792.0,18.123224,1.2226603,3.8148444,0.043,2.11,4928999936.0,46398000975.41402,14870591784.031872,3130182450.343096,1483498791.631799,0.10623302367297771,0.06746373517259414,0.21049479938006616,0.7792986319999999,0.22070136800000006,0.05517782045843499,0.046456490180066166,0.006923076923077003,True,True,True,True,,0.06516998079370426,-0.01871349061363809,True
NI,NiSource,Utilities,Multi-Utilities,41.15,19733899264.0,21.888298,2.867674,2.0607972,0.0293,1.88,3025999872.0,6881500220.736387,9575856985.830532,901573040.4938031,479560127.9222357,0.4397296773865668,0.13101402478736332,0.09415063702074963,0.6413271314,0.3586728686,0.045686512491743304,0.033769279060749634,0.2509293680297394,True,True,True,True,,0.06944106937871551,-0.03567179031796588,True
NDSN,Nordson Corporation,Industrials,Industrial Machinery & Supplies & Components,316.63,17636091904.0,32.08004,5.918559,5.3948646,0.012,9.87,957891008.0,2979794896.6969833,3269051813.4597855,549752793.7734263,55699371.2029814,0.3214620607149152,0.18449350134226064,0.1681688863230844,0.38496048,0.6150395200000001,0.031172030957567386,0.1034305111230844,0.8106424181190536,True,True,True,True,,0.07597258606909467,0.027457925053989737,True
NSC,Norfolk Southern Railway,Industrials,Rail Transportation,330.06,74134241280.0,28.162115,5.9118214,4.561234,0.0162,11.72,5663000064.0,12540000156.297009,16253110732.753462,2632410191.4851847,224608378.11307034,0.4515948958067838,0.20992106528509968,0.16196347468931221,0.45622626299999997,0.543773737,0.03550869670122432,0.08807148388931221,0.6841872302755337,True,True,True,True,,0.07402108648444905,0.014050397404863163,True
NOC,Northrop Grumman,Industrials,Aerospace & Defense,523.82,74415456256.0,16.946619,1.7349495,4.1610003,0.0185,30.91,7255000064.0,42892001326.839775,17884030495.26336,4391168250.301554,142063029.77358633,0.16914575770704748,0.10237732244855102,0.24553572013390995,0.31351245149999996,0.6864875485,0.05900882057949141,0.16855721458390996,0.1518747033697202,True,True,True,True,,0.06344603073922886,0.1051111838446811,True
NCLH,Norwegian Cruise Line Holdings,Consumer Discretionary,"Hotels, Resorts & Cruise Lines",15.57,7149554688.0,9.436363,0.7040909,2.7788684,0.0,1.65,2594191872.0,10154306337.434557,2572829533.057413,757659938.034682,459187841.23314065,0.25547701495239816,0.07461464258188823,0.294485110418071,0.0,1.0,0.10597303219471316,0.294485110418071,0.08221343873517793,True,True,True,True,,0.04231213551237908,0.25217297490569196,True
NRG,NRG Energy,Utilities,Independent Power Producers & Energy Traders,111.09,23352281088.0,28.929688,0.70497453,5.5561666,0.0174,3.84,3252999936.0,33124999690.41435,4202948321.9599643,807208203.9600323,210210469.78125843,0.09820377257064088,0.024368549781258436,0.19205760532225583,0.5033765711999999,0.4966234288000001,0.034566567050429306,0.09538030648225583,0.03369272237196765,True,True,True,True,,0.07444504482730681,0.020935261654949022,True
NUE,Nucor,Materials,Steel,263.97,59888373760.0,21.083864,1.6589117,2.7087739,0.0089,12.52,5680999936.0,36101001493.93123,22109033817.846516,2840483537.808084,226875681.93355304,0.15736405365250064,0.07868157170890631,0.1284761607265158,0.1876463896,0.8123536104,0.04742963623745629,0.1043680730165158,0.8915249680758116,True,True,True,True,,0.06865666369314466,0.035711409323371135,True
NVDA,Nvidia,Information Technology,Semiconductors,224.41,5418828431360.0,27.467564,17.885693,23.664454,0.0046,8.17,201266003968.0,302970001294.3306,228985990184.2654,197280995874.5653,24147000719.041042,0.6643100079485204,0.6511568638206854,0.8615417806981355,0.1263507944,0.8736492056,0.03640657759093598,0.7526852922981355,0.8326203946460605,True,True,True,True,,0.07361704008407881,0.6790682522140568,False
NVR,"NVR, Inc.",Consumer Discretionary,Homebuilding,6326.95,16944540672.0,16.3133,1.7593137,4.996628,0.0,387.84,1536605952.0,9631335600.92211,3391195156.413485,1038694893.1520685,2678153.0867163483,0.15954235379908105,0.10784536394439659,0.30629167611703334,0.0,1.0,0.06129967572471541,0.30629167611703334,0.2649561956455487,True,True,True,True,,0.06241514592387806,0.24387653019315528,True
NXPI,NXP Semiconductors,Information Technology,Semiconductors,228.5,57619513344.0,19.496586,4.3700805,5.056764,0.0182,11.72,5068000256.0,13185000446.559278,11394542704.38565,2955364097.994223,252164172.18380743,0.38437619145644636,0.22414592323851204,0.2593666398824902,0.35483786520000005,0.6451621348,0.05129103115796786,0.1673335350824902,0.28990124243389614,True,True,True,True,,0.06691903597891447,0.10041449910357572,True
OXY,Occidental Petroleum,Energy,Oil & Gas Exploration & Production,60.91,60887912448.0,17.96755,2.544843,1.8198929,0.0184,3.39,13717999616.0,23925999540.246685,33456865757.320118,3388770697.7297654,999637373.9615827,0.5733511610632825,0.14163549121654903,0.10128776043478382,0.33060291999999997,0.66939708,0.05565589075861762,0.06780173107478382,0.7717277486910993,True,True,True,True,,0.06495484915862207,0.002846881916161753,True
ODFL,Old Dominion,Industrials,Cargo Ground Transportation,187.61,39016931328.0,35.940613,6.964192,8.559631,0.0062,5.22,1793243008.0,5602506554.672818,4558249219.855389,1085594486.0730236,207968292.35115397,0.3200786987931911,0.19376942721603319,0.23816040644604475,0.2228318006,0.7771681994,0.027823676797054074,0.18509069424604477,0.48881129979368365,True,True,True,True,,0.07747934544132566,0.1076113488047191,True
ON,ON Semiconductor,Information Technology,Semiconductors,72.34,28163307520.0,47.281044,4.544081,3.9012027,0.0,1.53,2089900032.0,6197800505.756829,7219134632.507048,595657457.9153996,389318599.94470555,0.3372002745262284,0.09610787849046172,0.08251092552017252,0.0,1.0,0.021150125196051084,0.08251092552017252,0.3074369189907039,True,True,True,True,,0.08048244366177701,0.002028481858395506,True
OKE,ONEOK,Energy,Oil & Gas Storage & Transportation,96.01,60521791488.0,16.582039,1.5374128,2.6385796,0.0447,5.79,7670000128.0,39365999481.7267,22937261960.184944,3649840357.4161024,630369664.493282,0.19483819105267064,0.09271555163003854,0.15912274720859115,0.7412171433,0.2587828567,0.0603062144528788,0.04117823908859117,0.8928272397432322,True,True,True,True,,0.06286220349620453,-0.02168396440761336,True
ORCL,Oracle Corporation,Information Technology,Application Software,145.75,419828662272.0,24.210964,6.232888,11.177147,0.0142,6.02,30493999104.0,67357004052.0542,37561343898.581635,17340435999.159107,2880471096.205832,0.4527220225001979,0.257440725626072,0.4616564214460853,0.34379568880000005,0.6562043112,0.041303601128810895,0.30294093404608535,0.13515266845428595,True,True,True,True,,0.07141337949203509,0.23152755455405027,False
PCAR,Paccar,Industrials,Construction Machinery & Heavy Transportation Equipment,122.13,64284950528.0,25.711578,2.3110948,3.163416,0.0114,4.75,3271600128.0,27815799909.20321,20321371115.275387,2500233480.7827725,526364943.32268894,0.11761661137480177,0.08988537050683697,0.12303468888607304,0.2931119892,0.7068880108,0.038892984320137804,0.08697174648607303,0.6358799744626514,True,True,True,True,,0.07249815705593798,0.014473589430135048,True
PKG,Packaging Corporation of America,Materials,Paper & Plastic Packaging Products & Materials,233.54,20808015872.0,29.750319,2.182369,4.436382,0.0262,7.85,2000099968.0,9534600185.394861,4690312031.74118,699421617.689475,89098295.24706689,0.2097728199514607,0.07335615590477007,0.14912048506101733,0.7794583578000001,0.22054164219999994,0.03361308495549241,0.03288727666101732,0.6139018691588782,True,True,True,True,,0.07487411177002841,-0.04198683510901109,True
PLTR,Palantir Technologies,Information Technology,Internet Services & Infrastructure,169.46,407222288384.0,144.83762,66.15111,41.656837,0.0,1.17,2662629888.0,6155940367.198675,9775641112.262075,2811578410.2990675,2403058470.3410835,0.4325301626031926,0.4567260633777883,0.28761061525313664,0.0,1.0,0.006904283569420707,0.28761061525313664,0.6237271379139891,True,True,True,True,,0.08689307239376068,0.20071754285937596,False
PANW,Palo Alto Networks,Information Technology,Systems Software,328.48,267711201280.0,283.17242,25.240297,9.652092,0.0,1.16,1483500032.0,10606499649.3504,27736080559.530514,945400004.5202141,815000003.8967364,0.13986707029126783,0.08913402496346808,0.034085565253847816,0.0,1.0,0.0035314173604901215,0.034085565253847816,0.728510277274305,True,True,True,True,,0.08841086218777944,-0.05432529693393162,False
PH,Parker Hannifin,Industrials,Industrial Machinery & Supplies & Components,949.38,119666950144.0,33.346684,5.5661635,7.771802,0.0084,28.47,5664000000.0,21499000189.987232,15397580914.181807,3588571563.125071,126047473.23937728,0.263454111816693,0.1669180674176831,0.23306071452261937,0.28011214560000003,0.7198878544,0.029987989210561384,0.1677775777226194,0.6084978027407233,True,True,True,True,,0.07650540485524737,0.09127217286737202,True
PAYX,Paychex,Industrials,Human Resource & Employment Services,124.0,44104671232.0,25.726141,11.115088,11.805027,0.0379,4.82,1608000000.0,3968000184.2540517,3736092364.041183,1714391252.727742,355682832.516129,0.4052419166664655,0.4320542270967742,0.45887282511590066,0.9750207439,0.024979256099999958,0.03887096786105619,0.011462301815900576,0.7309442548350399,True,True,True,True,,0.07250806446252471,-0.06104576264662413,False
PAYC,Paycom,Industrials,Human Resource & Employment Services,236.25,10648170496.0,25.0,4.9741535,17.98219,0.0063,9.45,735100032.0,2140700019.8124163,592150928.0015393,425926819.84,45071621.14708995,0.3433923600675329,0.19896613999999999,0.7192875999999999,0.1575,0.8425,0.04,0.605999803,0.9491978609625669,True,True,True,True,,0.072,0.533999803,False
PYPL,PayPal,Financials,Transaction & Payment Processing Services,54.67,46768041984.0,10.334594,1.3703717,2.37768,0.0107,5.29,6456000000.0,34127997523.59159,19669611547.390736,4525387636.644595,855460800.8779953,0.18917019656770587,0.1326004443570514,0.2300699959766199,0.11058015579999998,0.8894198442,0.09676238853698559,0.20462881997661989,0.39774260826892405,True,True,True,True,,0.046456925158356484,0.1581718948182634,True
PNR,Pentair,Industrials,Industrial Machinery & Supplies & Components,59.84,9550464000.0,15.583334,2.3805933,2.547901,0.0175,3.84,1034800000.0,4011799915.59247,3748365419.2215476,612864000.0,159600000.0,0.25793908514183184,0.15276534545454545,0.16350166145447437,0.272708345,0.7272916549999999,0.06417112024936383,0.11891339395447435,0.03975155279503109,True,True,True,True,,0.061122995887786274,0.05779039806668808,True
PEP,PepsiCo,Consumer Staples,Soft Drinks & Non-alcoholic Beverages,140.52,191950323712.0,18.32073,1.9808296,8.686407,0.0423,7.67,18882000896.0,96904006135.61105,22097781477.65814,10477220202.612013,1366000026.4161685,0.19485263457091576,0.10811957751209793,0.47412996097862914,0.7749668789999999,0.22503312100000006,0.05458297786169001,0.10669494487862916,0.17986754966887472,True,True,True,True,,0.06543765996223949,0.041257284916389664,False
PCG,PG&E Corporation,Utilities,Multi-Utilities,13.33,29357551616.0,10.098484,1.13626,0.9082857,0.0142,1.32,10453000192.0,25837001756.640205,32321935285.340286,2907124391.081771,2202366962.9407353,0.40457481446404825,0.11251786946736686,0.08994277754958072,0.1433984728,0.8566015272,0.09902476450920752,0.07704512060958071,0.11263318112633183,True,True,True,True,,0.04543885597085661,0.0316062646387241,True
PSX,Phillips 66,Energy,Oil & Gas Refining & Marketing,256.09,102675447808.0,14.617008,0.674755,3.2433698,0.0202,17.52,9925000192.0,152167005517.55823,31657027764.148262,7024381450.256394,400935014.2840408,0.06522439051910485,0.04616231637315006,0.22189012963528515,0.2952635616,0.7047364384,0.06841345369722723,0.15637405967528514,0.9819327412130869,True,True,True,True,,0.05921394583624774,0.0971601138390374,True
PNW,Pinnacle West,Utilities,Multi-Utilities,97.38,11802185728.0,18.763004,2.1248913,1.677606,0.0373,5.19,2149111040.0,5554253870.774472,7035135620.640366,629013595.4849045,121197224.56356542,0.38693064631205504,0.11324898179297598,0.08941030977768805,0.6998600492,0.3001399508,0.05329636981370361,0.02683560597768805,0.46671826625387,True,True,True,True,,0.06601663358383338,-0.03918102760614532,True
POOL,Pool Corporation,Consumer Discretionary,Distributors,182.99,6649993728.0,16.80349,1.2327833,5.2777457,0.0285,10.89,642593024.0,5394292515.156557,1260006469.807744,395750760.68593913,36340749.37428275,0.11912461591478048,0.07336472013224767,0.31408628207592587,0.478899465,0.521100535,0.05951144672922113,0.16367052962592588,0.06306967639322203,True,True,True,True,,0.06321984897185048,0.10045068065407539,True
PPG,PPG Industries,Materials,Specialty Chemicals,111.31,24744212480.0,15.969871,1.506864,2.930753,0.027,6.97,2697999872.0,16420999161.171812,8442953902.973058,1549430967.4386847,222299995.32836223,0.1643018092577181,0.09435668026233042,0.18351763768160684,0.431186517,0.568813483,0.06261791344463584,0.10438730668160683,0.44755244755244755,True,True,True,True,,0.06182193894991387,0.042565367731692956,True
PPL,PPL Corporation,Utilities,Electric Utilities,34.54,25992898560.0,20.43787,2.7657905,1.7272592,0.0331,1.69,3759000064.0,9397999797.8878,15048638073.544493,1271800769.1488128,752544833.8158656,0.39997873428820835,0.13532675,0.0845126816052749,0.6764934969999999,0.32350650300000006,0.04892877780316637,0.027340402085274915,0.19740634005763658,True,True,True,True,,0.06798204998857513,-0.040641647903300215,True
PFG,Principal Financial Group,Financials,Life & Health Insurance,111.31,23831986176.0,15.856125,1.5186186,1.9675115,0.0307,7.02,2151500032.0,15693200502.087885,12112755720.106337,1503014490.661396,214104628.29934418,0.1370975940639869,0.09577488610187763,0.12408526673446381,0.4867830375,0.5132169625,0.06306711128980126,0.06368266368446382,0.8630844742960476,True,True,True,True,,0.06161979991958943,0.002062863764874391,True
PG,Procter & Gamble,Consumer Staples,Personal Care Products,147.64,342919348224.0,22.302114,3.9401526,6.433956,0.0298,6.62,24752001024.0,87031996736.37006,53298367011.524475,15376091067.751831,2322672366.7298837,0.2844011622412463,0.17667170287185047,0.288490857862174,0.6646029971999999,0.33539700280000007,0.044838798689666816,0.09675896906217399,0.33817077286533864,True,True,True,True,,0.06982254058964993,0.02693642847252406,True
PGR,Progressive Corporation,Financials,Property & Casualty Insurance,221.38,128643923968.0,11.063468,1.4133744,3.7462983,0.0018,20.01,15397999616.0,91018999613.97348,34338943048.929127,11627811539.433012,581100026.9581715,0.16917346577423883,0.12775147594181951,0.33861880379642256,0.0199142424,0.9800857576,0.09038757105818898,0.3318754668564226,0.5307603496618835,True,True,True,True,,0.04932559302381495,0.28254987383260766,True
PLD,Prologis,Real Estate,Industrial REITs,136.59,132777959424.0,31.18493,13.748726,2.3748586,0.0306,4.38,6737149952.0,9657473676.033693,55909837926.35065,4257760174.808697,972091364.1115748,0.6976099731671166,0.4408772229299362,0.07615404620116191,0.954258858,0.04574114200000001,0.032066770712648705,0.0034833730411619086,0.6087768440709619,True,True,True,True,,0.07556995317930808,-0.07208658013814617,True
PRU,Prudential Financial,Financials,Life & Health Insurance,119.84,41344798720.0,10.864914,0.6338894,1.3101419,0.0478,11.03,5206000128.0,65223994469.69771,31557496726.117985,3805349882.1895857,344999989.3190921,0.07981725391594417,0.05834279107142857,0.12058465442064245,0.5193428892,0.48065711079999995,0.09203938475721023,0.05795987160064244,0.7800725648897573,True,True,True,True,,0.0485822768592554,0.009377594741387045,True
PTC,PTC Inc.,Information Technology,Application Software,149.13,16181539840.0,14.809336,5.477892,4.7586074,0.0,10.07,1275965952.0,2953972046.181268,3400478013.7987432,1092658125.050627,108506268.62468988,0.43194923040977934,0.36989453791993565,0.3213248318493145,0.0,1.0,0.06752497208517654,0.3213248318493145,0.37975511730068223,True,True,True,True,,0.05961376256167056,0.2617110692876439,True
PEG,Public Service Enterprise Group,Utilities,Electric Utilities,73.32,36544155648.0,18.284288,2.91351,2.107078,0.0365,4.01,4463000064.0,12542999903.20953,17343522948.84195,1998664268.2553194,498420017.02127665,0.3558160008323047,0.159344995908347,0.1152398168307128,0.6673765119999999,0.3326234880000001,0.054691765957744706,0.038331469830712804,0.05231788079470148,True,True,True,True,,0.06538870531901488,-0.02705723548830207,True
PHM,PulteGroup,Consumer Discretionary,Homebuilding,123.7,23563161600.0,12.635342,1.4361585,1.7838858,0.0084,9.79,2753777920.0,16407075959.930607,13208895771.242756,1864861374.810024,190486350.8488278,0.1678408710196309,0.11366201871463216,0.1411822331362301,0.10613687279999999,0.8938631272,0.07914308928084417,0.1261975924162301,0.4223826714801446,True,True,True,True,,0.05438560982362012,0.07181198259260999,True
QRVO,Qorvo,Information Technology,Semiconductors,100.63,8877742080.0,23.348028,2.435906,2.5569162,0.0,4.31,885481024.0,3644533935.2175326,3472050464.540058,380235201.87618005,88221624.565239,0.24296138813347282,0.10433026791215344,0.10951315460132222,0.0,1.0,0.0428301696400227,0.10951315460132222,0.7437084177032108,True,True,True,True,,0.07072642366198978,0.03878673093933244,True
QCOM,Qualcomm,Information Technology,Semiconductors,169.96,181527560192.0,19.053812,4.119167,6.495204,0.0221,8.92,11998999552.0,44068997491.96864,27947938231.347313,9527099534.670746,1068060485.9496351,0.27227757005787934,0.21618598281948692,0.3408873772870227,0.4210892452,0.5789107548,0.05248293622294583,0.19734336888702267,0.347785108388313,True,True,True,True,,0.06638267869967437,0.1309606901873483,True
PWR,Quanta Services,Industrials,Construction & Engineering,610.78,91826741248.0,69.96335,2.7906504,9.523201,0.0007,8.73,3045004032.0,32905139693.599743,9642423933.717245,1312497873.366908,150343399.01110056,0.09253885746585275,0.0398873211172599,0.13611699554123693,0.048974345,0.951025655,0.014293197795703035,0.12945075484123694,0.5819749142669234,True,True,True,True,,0.08356806099193363,0.04588269384930331,True
DGX,Quest Diagnostics,Health Care,Health Care Services,240.8,26577905664.0,25.535524,2.2991269,3.524229,0.0146,9.43,2265999872.0,11559999434.567965,7541480892.416469,1040820807.3568106,110373362.39202657,0.19602075976093575,0.09003640642441861,0.1380127934715575,0.3728186504,0.6271813496,0.039161130979728474,0.08655905007155751,0.9159321141955008,True,True,True,True,,0.07237749105912218,0.014181559012435327,True
RL,Ralph Lauren Corporation,Consumer Discretionary,"Apparel, Accessories & Luxury Goods",336.5,20049424384.0,21.190176,2.3996344,7.3690434,0.0117,15.88,1593200000.0,8355199602.072716,2720763509.68431,946166000.6476078,59582241.85438336,0.19068365519415803,0.1132427764398217,0.34775753632249207,0.24792505920000002,0.7520749408,0.047191679767076965,0.2615397285424921,0.3002795592830125,True,True,True,True,,0.06876374410481537,0.1927759844376767,True
REGN,Regeneron Pharmaceuticals,Health Care,Biotechnology,852.03,87720747008.0,20.368874,5.646762,2.695351,0.0046,41.83,4702400000.0,15534698825.27367,32545203577.567448,4306607569.386806,102954998.07283781,0.3027030039584407,0.27722504425900496,0.13232695140634676,0.0936968204,0.9063031796,0.04909451548475384,0.11992833680634675,0.9921639368840445,True,True,True,True,,0.06790746803186076,0.05202086877448599,True
RSG,Republic Services,Industrials,Environmental & Facilities Services,222.52,68138516480.0,31.518414,4.0340133,5.659207,0.012,7.06,5256999936.0,16890999461.999792,12040294069.46945,2161863771.116304,306212998.7416861,0.31123083911208665,0.12798909715081788,0.17955240387412896,0.378220968,0.6217790320000001,0.03172748476493773,0.11164191987412897,0.6734588599432553,True,True,True,True,,0.07572263185577802,0.03591928801835095,True
RMD,ResMed,Health Care,Health Care Equipment,230.87,33303529472.0,22.135185,5.89084,5.056729,0.0114,10.43,2095774976.0,5653443222.358781,6585982652.422149,1504551532.8668082,144252304.20583013,0.37070770742181114,0.2661301217135184,0.22844755984646165,0.252341109,0.7476588909999999,0.04517694340481004,0.17080084924646163,0.4837476099426386,True,True,True,True,,0.06967037546783547,0.10113047377862616,True
RVTY,Revvity,Health Care,Health Care Equipment,130.94,14611123200.0,60.902325,5.0178814,2.0212095,0.0022,2.15,875832000.0,2911811187.8849907,7228900913.042414,239910759.73728424,111586399.87780663,0.3007859862768661,0.08239227898274018,0.03318772312879681,0.13398511500000002,0.866014885,0.0164197343861667,0.02874106222879681,0.9839699188600831,True,True,True,True,,0.08261111952622498,-0.053870057297428164,True
ROK,Rockwell Automation,Industrials,Electrical Components & Equipment,425.36,47331487744.0,39.79046,5.274879,13.518942,0.0132,10.69,2092000000.0,8972999711.272997,3501123663.6713142,1189518534.848975,111273950.87455332,0.23314388357460547,0.13256642963607299,0.3397533479130424,0.525234072,0.47476592799999995,0.025131652159839316,0.16130331351304242,0.5627087761919224,True,True,True,True,,0.07869075652807231,0.08261255698497011,True
ROL,"Rollins, Inc.",Industrials,Environmental & Facilities Services,35.71,17181702144.0,32.463634,4.378598,12.019522,0.0202,1.1,865038016.0,3924019091.0423837,1429482981.4363666,529259937.22766733,481145397.4796975,0.2204469437915527,0.13487700364043687,0.3702457340419745,0.6557654068,0.34423459320000005,0.03080369868635163,0.1274513896419745,0.007501630789302151,True,True,True,True,,0.07613833559114176,0.05131305405083274,True
ROP,Roper Technologies,Information Technology,Electronic Equipment & Instruments,415.79,41121992704.0,17.418936,4.966244,2.1989815,0.0087,23.87,3238000128.0,8280300505.573227,18700472334.123775,2360763764.9882874,98900869.91991149,0.3910486250855989,0.28510604939993744,0.12624086224325068,0.15154474319999997,0.8484552568,0.05740878776981557,0.10710972319325068,0.49022495982860215,True,True,True,True,,0.06416604550358299,0.0429436776896677,True
ROST,Ross Stores,Consumer Discretionary,Apparel Retail,230.85,74052313088.0,27.713087,3.0210886,10.8758135,0.0078,8.33,3910100992.0,24511797862.532066,6808898763.1132145,2672106424.1847086,320781083.3354992,0.15951914314603796,0.10901307358891056,0.3924432344906217,0.2161620786,0.7838379214,0.03608403495431599,0.30761188919062166,0.7698265997711469,True,True,True,True,,0.0737621842705578,0.23384970492006385,True
RCL,Royal Caribbean Group,Consumer Discretionary,"Hotels, Resorts & Cruise Lines",265.6,71035273216.0,16.415327,3.802338,6.9396186,0.0188,16.18,6926000128.0,18681998606.120758,10236192694.509176,4327374701.185542,267452082.89156625,0.3707312196100284,0.2316333917168675,0.4227523825751384,0.30860814760000005,0.6913918524,0.06091867679516832,0.2922875528951384,0.25633177748871394,True,True,True,True,,0.06258659544217425,0.22970095745296415,False
RTX,RTX Corporation,Industrials,Aerospace & Defense,200.78,270602862592.0,36.11151,2.8941483,4.076751,0.0142,5.56,15895000064.0,93499998805.17526,66377088664.96875,7493534794.359597,1347758056.539496,0.17000000285690062,0.08014475818308596,0.1128933960391022,0.512783442,0.48721655799999997,0.027692001802195474,0.055003531839102206,0.6577946768060836,True,True,True,True,,0.07753859918901203,-0.022535067349909822,True
SPGI,S&P Global,Financials,Financial Exchanges & Data,431.71,127268102144.0,26.291718,7.894064,4.040148,0.0088,16.42,8143000064.0,16122000295.918552,31500851489.598892,4840615777.26826,294799986.43533856,0.5050862122897667,0.30024908128141586,0.15366618491800346,0.23136711840000002,0.7686328816,0.03803479103191355,0.11811288251800346,0.4378075251418468,True,True,True,True,,0.0728843440356389,0.045228538482364564,True
CRM,Salesforce,Information Technology,Application Software,256.93,211453378560.0,23.528387,4.8125396,5.5097356,0.0068,10.92,12899000320.0,43938002829.109184,38378135342.82843,8987159513.77885,822999955.4742537,0.2935727499988765,0.20454183019499478,0.234173961861474,0.15999303159999997,0.8400069684,0.04250185106186837,0.19670775978147398,0.900806254580992,True,True,True,True,,0.07087416702215923,0.12583359275931474,True
SLB,Schlumberger,Energy,Oil & Gas Equipment & Services,58.13,86273245184.0,27.813398,2.37236,3.308857,0.0206,2.09,7383000064.0,36366000600.24617,26073428130.62033,3101859322.8033714,1484143216.6523309,0.2030193021541671,0.08529558575606398,0.11896629818478131,0.5729559988,0.42704400119999997,0.035953895313330646,0.050803843984781306,0.9191533657182512,True,True,True,True,,0.0738207471090012,-0.023016903124219897,True
STX,Seagate Technology,Information Technology,"Technology Hardware, Storage & Peripherals",808.54,183251140608.0,58.25216,15.026743,84.61957,0.0036,13.88,4502000128.0,12195000647.046402,2165588180.2282853,3145825601.2553988,226644495.76768002,0.36916768258559896,0.25796026521878945,1.452642614454125,0.209707776,0.790292224,0.01716674540480559,1.1480121624541249,0.654909281120832,True,True,True,True,,0.08227496456783748,1.0657371978862873,False
SRE,Sempra,Utilities,Multi-Utilities,83.79,54790311936.0,24.286957,4.0429688,1.6759342,0.0312,3.45,5873999872.0,13551999692.898943,32692400415.243034,2255956273.7701397,653900369.2087361,0.4334415588186512,0.16646667096312207,0.06900552424085075,0.7577530584,0.24224694160000004,0.04117436367182599,0.01671637720085076,0.21839601268690556,True,True,True,True,,0.0714715363476783,-0.05475515914682755,True
NOW,ServiceNow,Information Technology,Systems Software,136.72,141349617664.0,85.45,9.594733,11.293573,0.0,1.6,2896999936.0,14732001157.718512,12515934298.560783,1654179258.7946167,1033862036.7466354,0.1966467355646507,0.11228476301930954,0.1321658630778233,0.0,1.0,0.011702750146284377,0.1321658630778233,0.48887087394039797,True,True,True,True,,0.08473376243417202,0.047432100643651276,True
SHW,Sherwin-Williams,Materials,Specialty Chemicals,331.25,80413638656.0,30.38991,3.2942502,20.738121,0.0097,10.9,4709100032.0,24410300910.35587,3877575921.94587,2646063883.3219624,242758154.43320754,0.19291446055063594,0.10839947827924529,0.6824015273490445,0.294782127,0.705217873,0.032905658489939586,0.4812417536490445,0.4708224320327608,True,True,True,True,,0.07519245367952718,0.40604929996951733,False
SPG,Simon Property Group,Real Estate,Retail REITs,210.2,79796854784.0,14.9502125,11.496906,15.477505,0.042,14.06,5125174784.0,6940724294.344932,5155666548.581312,5337506081.1752615,379623476.61274976,0.7384207420795866,0.7690128371075166,1.0352699000097825,0.6279089250000001,0.37209107499999994,0.06688868134817481,0.3852146900097824,0.5732167093952645,True,True,True,True,,0.05990009339332133,0.3253145966164611,False
SNA,Snap-on,Industrials,Industrial Machinery & Supplies & Components,380.59,19686825984.0,19.427769,3.7321706,3.2583086,0.0256,19.59,1415500032.0,5274899808.706494,6042038493.223141,1013334351.9970572,51727123.634357184,0.26834633515951223,0.19210494772327175,0.16771398712842425,0.4973508864000001,0.5026491136,0.05147271413408302,0.08430128696842426,0.591311885956463,True,True,True,True,,0.06683727863966264,0.017464008328761618,True
SOLV,Solventum,Health Care,Health Care Technology,91.9,15643560960.0,11.234718,1.8824983,3.2570174,0.0,8.18,1139000064.0,8310000046.215181,4803032664.179196,1392430126.7986941,170223731.88248095,0.13706378551932277,0.16756078448313383,0.2899064667221732,0.0,1.0,0.08900979980093848,0.2899064667221732,0.9288860918816869,True,True,True,True,,0.04994559008957768,0.23996087663259552,True
SO,Southern Company,Utilities,Electric Utilities,88.31,101588557824.0,21.279516,3.3662002,2.5673006,0.0345,4.15,14257999872.0,30179000590.636288,39570184272.14951,4774006510.8096485,1150363014.6529272,0.472447715065285,0.15818968214245277,0.1206465692170818,0.7341433020000001,0.2658566979999999,0.04699355004126973,0.0320746985170818,0.2646713615023476,True,True,True,True,,0.06885290248142861,-0.03677820396434681,True
LUV,Southwest Airlines,Industrials,Passenger Airlines,38.61,18888329216.0,24.13125,0.62808263,2.6671734,0.0191,1.6,2337999872.0,30073000452.185726,7081777741.1847315,782733145.4441855,489208215.9026159,0.07774415046204917,0.026027770214970217,0.11052777622377621,0.460906875,0.539093125,0.04144004144004144,0.059584764283776216,0.36170212765957444,True,True,True,True,,0.07135198135198134,-0.011767217068205126,True
SWK,Stanley Black & Decker,Industrials,Industrial Machinery & Supplies & Components,96.89,14632002560.0,23.689486,0.9596203,1.6332068,0.0356,4.09,1791000064.0,15247700116.389786,8959062967.408659,617658070.7028589,151016643.20363298,0.1174603415812756,0.04050827770667767,0.0689422640913357,0.8433457016,0.1566542984,0.04221281964496824,0.010800102011335709,0.8179055633473584,True,True,True,True,,0.07100423115976429,-0.06020412914842858,True
STLD,Steel Dynamics,Materials,Steel,247.64,35493769216.0,21.238422,1.7281429,3.7755177,0.0091,11.66,2674440960.0,20538677221.658,9401033722.077372,1671205576.879987,143328094.07204005,0.13021485907475125,0.08136870543530932,0.17776827769972742,0.1932696402,0.8067303598,0.047084477368422195,0.1434110666297274,0.7451952882827029,True,True,True,True,,0.06881198518421,0.07459908144551741,True
STE,Steris,Health Care,Health Care Equipment,230.35,22459152384.0,28.160147,3.7199426,3.1164176,0.0112,8.18,1640499968.0,6037499714.108492,7206721071.014359,797550972.438116,97500118.87996528,0.2717184340674108,0.13209954620360323,0.11066766093230977,0.3153936464,0.6846063536,0.03551117826196007,0.07576378381230976,0.4738896366083446,True,True,True,True,,0.07401996978211797,0.0017438140301917898,True
SYK,Stryker Corporation,Health Care,Health Care Equipment,312.19,119747674112.0,32.351295,4.634736,4.992005,0.0111,9.65,7376000000.0,25837000017.26096,23987891460.845894,3701480044.7829847,383573061.63554245,0.28548206042002966,0.1432627643422275,0.15430618774302543,0.3590993745,0.6409006255,0.030910663699861163,0.09889493224302544,0.2692042119799758,True,True,True,True,,0.07609020133506247,0.022804730907962964,True
SMCI,Supermicro,Information Technology,"Technology Hardware, Storage & Peripherals",37.0,24307718144.0,11.349693,0.62226844,2.2138455,0.0,3.26,2824158976.0,39063074039.23618,10979862029.21568,2141707058.0929728,656965355.2432432,0.07229740734595863,0.054826894983783785,0.19505774297154999,0.0,1.0,0.08810811006077433,0.19505774297154999,0.4458015267175573,True,True,True,True,,0.050351350472651546,0.14470639249889844,True
SNPS,Synopsys,Information Technology,Application Software,415.97,79715090432.0,72.46864,8.4655,2.5584455,0.0,5.74,2075485952.0,9416465705.746855,31157626938.701645,1099994276.2210736,191636633.4879919,0.22041029159521433,0.11681604442628074,0.03530417432975146,0.0,1.0,0.013799072260773764,0.03530417432975146,0.20004804035389742,True,True,True,True,,0.0837904174826518,-0.04848624315290034,True
SYY,Sysco,Consumer Staples,Food Distributors,81.76,39170891776.0,22.338799,0.46327028,14.676001,0.0268,3.66,4493000192.0,84552999549.20485,2669043956.592808,1753491486.0587084,479096034.44227004,0.053138270859159044,0.020738371144814086,0.6569735911048753,0.5986798132000001,0.4013201867999999,0.04476516396427578,0.26365676430487534,0.5735418427726124,True,True,True,True,,0.0698556762160759,0.19380108808879942,False
TMUS,T-Mobile US,Communication Services,Wireless Telecommunication Services,187.3,200911405056.0,19.59205,2.1793425,3.5779781,0.0224,9.56,34370998272.0,92188999689.58527,56152217660.58322,10254741229.767004,1072671676.7538707,0.3728318821956254,0.11123606139882541,0.182623977582744,0.43886192,0.56113808,0.05104111106290562,0.10247726814274401,0.23772382730967828,True,True,True,True,,0.06703150002169248,0.03544576812105153,True
TROW,T. Rowe Price,Financials,Asset Management & Custody Banks,109.38,23332487168.0,10.938,3.0732992,2.1206305,0.0477,10.0,2963800064.0,7591999883.382652,11002617932.732742,2133158453.830682,213315845.3830682,0.3903846298110669,0.28097451087950265,0.19387735417809468,0.5217426000000001,0.47825739999999994,0.09142439202779301,0.09272327932809468,0.6568787384448068,True,True,True,True,,0.04885902358749314,0.04386425574060154,True
TPR,"Tapestry, Inc.",Consumer Discretionary,"Apparel, Accessories & Luxury Goods",123.14,24553091072.0,16.9381,3.0675259,35.651417,0.0151,7.27,2023500032.0,8004200085.808566,688698883.1888505,1449577489.7956796,199391676.7256781,0.2528047787795388,0.1811021056764658,2.104806147088517,0.25576530999999997,0.7442346900000001,0.0590384990052013,1.566469750388517,0.4197771587743732,True,True,True,True,,0.0634326754476594,1.5030370749408575,False
TRGP,Targa Resources,Energy,Oil & Gas Storage & Transportation,293.46,62926925824.0,28.082296,3.7587388,20.090366,0.0169,10.45,5497699840.0,16741500054.220314,3132194098.604276,2240804112.5223203,214431015.55237514,0.3283875293250142,0.1338472720643359,0.7154103781257771,0.47459080239999996,0.5254091976,0.03560962394242978,0.3758831927257772,0.9115995115995115,True,True,True,True,,0.07397566922590659,0.3019075234998706,False
TGT,Target Corporation,Consumer Staples,Consumer Staples Merchandise Retail,163.36,74213916672.0,16.946058,0.689048,4.1591773,0.0283,9.64,8593000448.0,107705002658.74075,17843412607.58468,4379420645.923604,454296747.50244856,0.079782742081411,0.04066125563173359,0.24543627196366255,0.4795734414,0.5204265586,0.059010774069107985,0.12773155437366257,0.9153590653991526,True,True,True,True,,0.0634451516689014,0.06428640270476117,True
TEL,TE Connectivity,Information Technology,Electronic Manufacturing Services,202.21,58542469120.0,20.363544,3.029835,4.4261794,0.015,9.93,4951000064.0,19321999092.359818,13226411274.698898,2874866318.9832354,289513224.4696108,0.2562364297986999,0.14878720908956033,0.21735800998097382,0.30545316,0.69454684,0.049107365594122515,0.15096531898097382,0.19168405843634612,True,True,True,True,,0.06790168548264486,0.08306363349832896,True
TDY,Teledyne Technologies,Information Technology,Electronic Equipment & Instruments,606.36,28108224512.0,29.292751,4.4095483,2.5743399,0.0,20.7,1592400000.0,6374399961.1025915,10918614325.948177,959562384.3894715,46355670.743452735,0.24981174851233523,0.15053375850979617,0.0878831728709946,0.0,1.0,0.03413813881803044,0.0878831728709946,0.5746098299557422,True,True,True,True,,0.0746378375318863,0.013245335339108308,True
TER,Teradyne,Information Technology,Semiconductor Materials & Equipment,341.62,53409128448.0,46.925823,11.964327,17.010406,0.0016,7.28,1504893952.0,4464031152.608918,3139791516.3224206,1138160690.5375564,156340754.19471928,0.33711546818406346,0.254962533106961,0.36249563486611625,0.0750813168,0.9249186832,0.021310228272394923,0.33527898526611627,0.6133474296286507,True,True,True,True,,0.08041039727742227,0.254868587988694,True
TSLA,"Tesla, Inc.",Consumer Discretionary,Automobile Manufacturers,357.01,1410028011520.0,333.6542,13.607813,16.231417,0.0,1.07,10755000320.0,103619002665.601,86870296753.51202,4226016000.466094,3949547663.9870033,0.10379370620569,0.04078417946276015,0.04864742299062922,0.0,1.0,0.0029971149771230213,0.04864742299062922,0.29600397120873667,True,True,True,True,,0.08865129826029464,-0.040003875269665416,False
TXN,Texas Instruments,Information Technology,Semiconductors,254.8,232695513088.0,38.489426,11.961935,12.918927,0.0224,6.62,9520000000.0,19452999292.171375,18011984516.051525,6045699751.344427,913247696.577708,0.4893846885519196,0.3107849674254317,0.335648731160605,0.8621631424,0.13783685759999997,0.025981161683211382,0.04626476636060499,0.5629895201323775,True,True,True,True,,0.07830847724255488,-0.03204371088194989,True
TXT,Textron,Industrials,Aerospace & Defense,79.24,13628242944.0,15.007575,0.890793,1.6916082,0.001,5.28,1680000000.0,15299000939.612234,8056382644.633669,908090897.8334175,171986912.46845028,0.1098110920204036,0.05935622211004543,0.1127169579362422,0.015007574999999999,0.984992425,0.06663301699308516,0.1110253497362422,0.04776119402985036,True,True,True,True,,0.06001514235311167,0.05101020738313053,True
TMO,Thermo Fisher Scientific,Health Care,Life Sciences Tools & Services,608.54,225006010368.0,32.36915,4.855965,4.271265,0.0031,18.8,11738999808.0,46336003321.27599,52679009700.40492,6951248882.437309,369747280.98070794,0.2533451089125296,0.15001830939625993,0.13195480882259805,0.10034436499999999,0.899655635,0.030893613208873266,0.11871388732259805,0.8183535635006847,True,True,True,True,,0.07609787405600703,0.04261601326659102,True
TJX,TJX Companies,Consumer Discretionary,Apparel Retail,131.31,144437592064.0,24.68233,2.3160782,13.948375,0.0144,5.32,8903000064.0,62363003142.12188,10355155497.611729,5851861928.112711,1099974046.6377275,0.1427609257961896,0.09383547349021401,0.5651158136205131,0.355425552,0.644574448,0.040514813633883026,0.3642592136205131,0.003348789283874175,True,True,True,True,,0.07176833386475263,0.2924908797557605,False
TSCO,Tractor Supply,Consumer Discretionary,Other Specialty Retail,34.86,18163460096.0,18.062178,1.1531826,6.9373136,0.0277,1.93,1931484032.0,15750723342.513145,2618226757.977324,1005607515.3551348,521040163.39644295,0.12262827490510778,0.06384516402753873,0.38407957224206296,0.5003223306,0.4996776694,0.055364308778265835,0.19191598552206296,0.19584212112081953,True,True,True,True,,0.06508606104978037,0.12682992447228258,True
TT,Trane Technologies,Industrials,Building Products,439.02,96594575360.0,32.78715,4.3491673,11.216085,0.0095,13.39,4308400128.0,22209901044.73562,8612147229.626024,2946110345.930482,220023177.4406633,0.19398556163406294,0.1326485129310738,0.34208783014077165,0.311477925,0.6885220750000001,0.030499753714488757,0.23553502264077167,0.5763893289398643,True,True,True,True,,0.07627511082848006,0.1592599118122916,True
TRV,Travelers Companies (The),Financials,Property & Casualty Insurance,366.18,76375998464.0,9.846195,1.559362,2.306239,0.0137,37.19,11480000512.0,48979004531.340385,33117122060.636383,7756904754.154131,208575013.55617455,0.2343861542684937,0.15837203774100167,0.2342264194442625,0.1348928715,0.8651071285,0.10156207550226255,0.20263094514426253,0.7779295274515161,True,True,True,True,,0.04429706602398185,0.15833387912028069,True
TYL,Tyler Technologies,Information Technology,Application Software,374.88,15352187904.0,49.521797,6.3186646,5.0520186,0.0,7.57,458521984.0,2429657036.076895,3038822522.149859,310008702.6069142,40952272.47119078,0.18871880977093114,0.1275936060125907,0.10201605971608825,0.0,1.0,0.0201931282905586,0.10201605971608825,0.3520803055395951,True,True,True,True,,0.08091309226924863,0.02110296744683962,True
UBER,Uber,Industrials,Passenger Ground Transportation,76.45,156153708544.0,16.76535,2.8274887,5.709484,0.0,4.56,7473999872.0,55226996501.87815,27349881100.288574,9314073393.860561,2042559954.793983,0.13533236180507888,0.1686507321386527,0.3405526278902617,0.0,1.0,0.05964683111298004,0.3405526278902617,0.3018042646254786,True,True,True,True,,0.06315892599915898,0.2773937018911027,True
ULTA,Ulta Beauty,Consumer Discretionary,Other Specialty Retail,551.74,23591006208.0,20.099817,1.8209236,8.692241,0.0,27.45,1934352000.0,12955516754.244934,2714030387.3304944,1173692537.0819588,42757469.4747526,0.1493072053159285,0.0905940349077464,0.432453738260403,0.0,1.0,0.049751696744303686,0.432453738260403,0.3984965176696023,True,True,True,True,,0.06761173646506334,0.36484200179533965,False
UNP,Union Pacific Corporation,Industrials,Rail Transportation,289.73,172121505792.0,23.459919,6.7737703,8.858078,0.0195,12.35,12883999744.0,25410000364.4942,19431021694.773968,7336832901.4296055,594075538.577296,0.5070444533327524,0.28873800850792114,0.3775834861151908,0.4574684205,0.5425315795000001,0.04262589312435393,0.20485096511519083,0.750261531145982,True,True,True,True,,0.07081834809404072,0.1340326170211501,True
UAL,United Airlines Holdings,Industrials,Passenger Airlines,108.35,35167129600.0,9.796564,0.5590781,2.1062965,0.0,11.06,7090999808.0,62901998128.70509,16696191443.132532,3589741147.9095526,324569724.042455,0.11273091505759415,0.05706879359483157,0.21500359717958256,0.0,1.0,0.10207660563438364,0.21500359717958256,0.4380195824866061,True,True,True,True,,0.044065527464527354,0.1709380697150552,True
URI,United Rentals,Industrials,Trading Companies & Distributors,979.82,60986433536.0,23.559029,3.6232433,6.621837,0.008,41.59,4690999808.0,16832000637.66074,9209896519.047508,2588665031.0896287,62242486.92208773,0.2786953202404311,0.15379425695229734,0.2810742751749234,0.188472232,0.811527768,0.042446571121415914,0.2280995791749234,0.5825708243472435,True,True,True,True,,0.07089904299536284,0.15720053617956056,True
UNH,UnitedHealth Group,Health Care,Managed Health Care,399.66,358732759040.0,25.439848,0.7962532,3.6739874,0.0234,15.71,26680999936.0,450525987261.3385,97641260021.74095,14101215144.168543,897594853.2252414,0.059221888837509035,0.03129944896161737,0.14441860658915887,0.5952924432000001,0.4047075567999999,0.03930841096220386,0.058447301429158854,0.6987114028689522,True,True,True,True,,0.07231121506700826,-0.013863913637849404,True
UHS,Universal Health Services,Health Care,Health Care Facilities,167.49,9871277056.0,6.8363266,0.54493827,1.3137501,0.0047,24.5,2699612928.0,18114486721.587753,7513816406.940711,1443944640.7069077,58936515.94722073,0.1490306056965315,0.0797121476804585,0.1921719333889051,0.03213073502,0.96786926498,0.1462773882102122,0.1859973079189051,0.25797647058823525,True,True,True,True,,0.024175175305404514,0.1618221326135006,True
VLO,Valero Energy,Energy,Oil & Gas Refining & Marketing,366.09,105407365120.0,15.279216,0.7959478,4.2161694,0.0133,23.96,13379000320.0,132429997444.55605,25000742408.5,6898742025.936792,287927463.5198995,0.10102696200384158,0.05209349965309077,0.2759414750076182,0.2032135728,0.7967864272,0.06544838426264803,0.2198664219876182,0.981466967866857,True,True,True,True,,0.06054822708180838,0.1593181949058098,True
VLTO,Veralto,Industrials,Environmental & Facilities Services,97.21,23699150848.0,24.486145,4.1606655,7.6651945,0.0054,3.97,1390000000.0,5696000038.455386,3091787279.2399464,967859570.6877894,243793342.74251622,0.2440308972288795,0.16991916505503551,0.31304211014024463,0.132225183,0.867774817,0.040839421640278616,0.27165005984024465,0.5759302715387192,True,True,True,True,,0.07162226026187463,0.20002779957837002,True
VZ,Verizon,Communication Services,Integrated Telecommunication Services,50.22,208652812288.0,13.112272,1.5022341,2.0078363,0.0563,3.83,51081998336.0,138895004638.75772,103919234993.41057,15912789149.005178,4154775234.7272005,0.3677741936713677,0.11456703709677418,0.15312649859612432,0.7382209136000001,0.2617790863999999,0.07626443380674226,0.04008531490612429,0.8901429646350639,True,True,True,True,,0.05568100478696598,-0.015595689880841687,True
VRTX,Vertex Pharmaceuticals,Health Care,Biotechnology,556.75,141114376192.0,32.369186,11.210942,6.966254,0.0,17.2,5100499968.0,12587200628.814243,20256851988.457497,4359528101.486125,253460936.13291425,0.40521320970479235,0.34634612016165245,0.21521251723784468,0.0,1.0,0.03089357884995934,0.21521251723784468,0.9914205039096435,True,True,True,True,,0.0760978895175183,0.1391146277203264,True
VICI,Vici Properties,Real Estate,Hotel & Resort REITs,25.61,28198594560.0,9.926357,6.881727,0.96667045,0.0705,2.58,3639224064.0,4097604360.0683374,29170845721.00037,2840779928.3404922,1101077491.604842,0.8881345645432951,0.6932782374072629,0.09738421154911112,0.6998081684999999,0.30019183150000006,0.10074189352649719,0.029233944824111124,0.029515938606847703,True,True,True,True,,0.04466614791307626,-0.015432203088965132,True
V,Visa Inc.,Financials,Transaction & Payment Processing Services,378.4,706490662912.0,31.744967,15.880477,20.052994,0.0072,11.92,31093999616.0,44488000134.504776,35231181085.078865,22255202700.61057,1867047206.4270613,0.6989300378077363,0.5002518124735729,0.6316904975834438,0.22856376239999998,0.7714362376,0.031501056529685476,0.4873089407834438,0.9217931937172773,True,True,True,True,,0.07582452456164153,0.41148441622180226,False
VST,Vistra Corp.,Utilities,Electric Utilities,143.46,48150228992.0,24.233109,2.506258,16.034426,0.0067,5.92,6646000128.0,19212000118.104362,3002928136.7477703,1986960516.0507457,335635222.3058692,0.3459296318521862,0.10342288693712531,0.6616743233400222,0.1623618303,0.8376381696999999,0.041265856560130196,0.5542436691400221,0.12391005048187255,True,True,True,True,,0.07143036454794141,0.4828133045920807,False
VMC,Vulcan Materials Company,Materials,Construction Materials,263.93,34199715840.0,31.087162,4.2139673,4.0347013,0.008,8.49,2340300032.0,8115800006.326579,8476393491.632206,1100123470.1686053,129578736.18004774,0.2883634429354649,0.13555329965142274,0.12978673640263463,0.248697296,0.751302704,0.032167619546615414,0.09750912600263463,0.14706629413258845,True,True,True,True,,0.07552457120402306,0.02198455479861157,True
GWW,W. W. Grainger,Industrials,Industrial Machinery & Supplies & Components,1284.85,60517646336.0,33.32944,3.211337,14.64951,0.0076,38.55,3216000000.0,18845000177.80756,4131035531.9734244,1815741344.322528,47100942.78398257,0.1706553446355102,0.09635135724014476,0.4395366378793043,0.253303744,0.746696256,0.03000350440931501,0.3282003618793043,0.7369251446268915,True,True,True,True,,0.07649842301580824,0.25170193886349607,False
WAB,Wabtec,Industrials,Construction Machinery & Heavy Transportation Equipment,279.81,47262945280.0,37.60887,3.945154,4.2193437,0.0044,7.44,2651000064.0,11980000091.25119,11201492137.27244,1256696733.0803044,168910851.22047102,0.22128547944970256,0.10489955955827168,0.11219012163885805,0.16547902800000003,0.834520972,0.02658947211123333,0.09362500935885805,0.7807648308547149,True,True,True,True,,0.078034737549945,0.01559027180891305,True
WMT,Walmart,Consumer Staples,Consumer Staples Merchandise Retail,106.09,844272566272.0,38.438404,1.1473589,8.954254,0.0093,2.76,44073000960.0,735839994157.0157,94287314864.19751,21964297133.666885,7958078671.618437,0.0598948158702496,0.029849284230370438,0.23295072292803834,0.35747715719999995,0.6425228428,0.026015648308394906,0.14967616072803835,0.22809346787041965,True,True,True,True,,0.07829295826122229,0.07138320246681606,True
DIS,Walt Disney Company (The),Communication Services,Movies & Entertainment,107.98,186447659008.0,21.902637,1.8859577,1.6977453,0.0141,4.93,20963000320.0,98860997257.78578,109820748146.37979,8512566761.524727,1726686969.8833117,0.21204520388700673,0.08610642212446751,0.07751328298962358,0.30882718169999995,0.6911728183000001,0.045656602901285356,0.05357507425962359,0.5723088075389635,True,True,True,True,,0.06945452869442159,-0.015879454434798004,True
WM,Waste Management,Industrials,Environmental & Facilities Services,219.04,87553613824.0,31.069502,3.4111354,8.826919,0.0172,7.05,7774000128.0,25667000443.312805,9918932509.066866,2817992044.6457267,399715183.63769174,0.3028791831429376,0.10979047009678597,0.28410236507813996,0.5343954344,0.46560456559999996,0.03218590371998882,0.13227935827813997,0.4614957423176599,True,True,True,True,,0.07551634332600503,0.05676301495213494,True
WAT,Waters Corporation,Health Care,Life Sciences Tools & Services,412.2,40472211456.0,104.61929,8.71441,2.664581,0.0,3.94,1452048000.0,4644285896.119186,15188958960.527002,386852288.0558952,98185859.91266376,0.3126525869592452,0.08329639835031538,0.025469308767054336,0.0,1.0,0.009558466703415784,0.025469308767054336,0.9022655977692573,True,True,True,True,,0.08569868998346289,-0.060229381216408556,False
WST,West Pharmaceutical Services,Health Care,Health Care Supplies,342.63,24112846848.0,43.81458,7.2480607,8.066817,0.0026,7.82,912200000.0,3326799794.5988503,2989140183.544513,550338447.7464321,70375760.58138517,0.27419744388615797,0.1654257790444503,0.1841126173068417,0.113917908,0.886082092,0.022823452832367672,0.16313889310684168,0.7325645927113522,True,True,True,True,,0.07972944622543454,0.08340944688140714,True
WMB,Williams Companies,Energy,Oil & Gas Storage & Transportation,75.16,91933270016.0,29.944225,7.460299,6.9877286,0.0279,2.51,7032999936.0,12323000729.05925,13156388188.28768,3070150448.911123,1223167509.5263438,0.5707213762809625,0.24913984153805216,0.23335813833886165,0.8354438775,0.16455612249999996,0.03339542098685139,0.03840051039886166,0.79491454772822,True,True,True,True,,0.07497206055591688,-0.03657155015705522,True
WTW,Willis Towers Watson,Financials,Insurance Brokers,337.73,31365640192.0,20.70693,3.1048942,4.0856247,0.0115,16.31,2816000000.0,10101999672.645851,7677073274.008745,1514741336.3678675,92871939.6914695,0.2787566908782577,0.14994470257898318,0.19730711892105687,0.238129695,0.761870305,0.04829301108372897,0.15032243487105687,0.8657514708504189,True,True,True,True,,0.06826814501232195,0.08205428985873492,True
XEL,Xcel Energy,Utilities,Multi-Utilities,75.51,47166136320.0,20.687672,3.2270207,1.9598734,0.0312,3.65,6122999808.0,14616000548.121677,24065909726.618057,2279915210.8065157,624634304.3305522,0.41892443749168273,0.15598762488412132,0.09473629512300853,0.6454553663999999,0.3545446336000001,0.04833796668856699,0.03358824504300854,0.32612055641421944,True,True,True,True,,0.06824791499014485,-0.03465966994713631,True
XYL,Xylem Inc.,Industrials,Industrial Machinery & Supplies & Components,106.74,24922382336.0,25.47494,2.7309208,2.2647994,0.0161,4.19,1978000000.0,9125999676.006716,11004233900.803755,978309743.1875588,233486812.2166011,0.2167433782843961,0.10720028248079447,0.0889030317637647,0.410146534,0.589853466,0.03925426320925584,0.0524397614237647,0.029603919967333372,True,True,True,True,,0.07233558155583486,-0.019895820132070162,True
ZBRA,Zebra Technologies,Information Technology,Electronic Equipment & Instruments,351.11,16611245056.0,31.54627,2.840986,4.8438983,0.0,11.13,1184000000.0,5846999969.72882,3429313339.629777,526567621.1821936,47310657.78815755,0.20249700806051366,0.09005774310045284,0.15354900278226238,0.0,1.0,0.03169946874860324,0.15354900278226238,0.8123731167859813,True,True,True,True,,0.07573523906312854,0.07781376371913384,True
ZBH,Zimmer Biomet,Health Care,Health Care Equipment,99.5,18978400256.0,24.150486,2.2304437,1.5022949,0.0097,4.12,2555000064.0,8508800404.15277,12632939282.427172,785839286.9821106,190737691.0150754,0.3002773531687284,0.0923560607437186,0.062205576318422745,0.23425971420000002,0.7657402858,0.04140703421040885,0.047633315788422746,0.734149855907781,True,True,True,True,,0.07136683460531601,-0.023733518816893263,True
